d_loss,g_l2_loss_abs,g_l2_loss_rel,mad,fad,mad_l,fad_l,mad_nl,fad_nl,time,epoch
2.9010137758756938,816.1494684632287,15.482480567201435,24.1258605665148,43.829659327743315,27.661569221632476,51.4271520949502,23.936653752212692,43.423093907973346,15.930512189865112,0
1.4778723152060258,191.40232189865088,4.079077975896676,11.10389021496586,19.967071527177936,11.867481617792416,21.929580379594192,11.064743918206032,19.86646126018317,16.068392515182495,1
1.5515411590275012,328.2179056864311,6.579216752293788,14.841978189259333,26.982345060141746,15.408245727381349,28.32829178211301,14.811227652731004,26.909254507274785,16.187875270843506,2
1.3708236468465704,165.52195452270232,3.585179833072967,10.51433092696425,19.229140806650843,9.9255013810449,18.286129984822306,10.548875667735043,19.284464342948716,16.217336893081665,3
1.3687450948514437,153.84535291034504,3.333883911781416,9.997596509706485,17.994051445920157,9.330691728745547,17.423887061363704,10.033926383773373,18.025111578890744,16.116015672683716,4
1.377760228357817,149.4700122596464,3.2338003763338414,9.963765265326574,18.05297256097561,8.981405772164102,16.74210968602206,10.016037558666751,18.122724937882264,16.21505904197693,5
1.379433876589725,70.51637969320146,1.805341128266336,6.650517907584342,11.994657319773863,4.405947101572172,8.190580704173104,6.760869431186614,12.181680323062539,16.25107765197754,6
1.3750572643781964,146.20068470355218,3.195645932137436,10.074777202456328,18.374516475045052,10.209934302016618,18.894163798948902,10.066890638423539,18.344194889658507,16.067399740219116,7
1.376230942575555,123.88655843495935,2.7855016593622968,9.281233454014227,16.95785041920732,9.141394510034148,16.91791507706104,9.288616079070803,16.959959031718622,16.224103927612305,8
1.3758610288302104,67.181737594169,1.718636680247536,6.19708734044164,11.195448328137445,2.869872268365354,5.319761517583108,6.367731624733969,11.496797296125969,16.077744960784912,9
1.3832002188030041,118.22709065629815,2.621217411239146,8.568125516620121,15.497103416313559,6.76812170876397,12.573747618993123,8.655363034611437,15.638784578042962,16.057677268981934,10
1.3829560719038312,112.46277934873679,2.4965094153061758,8.320224637068188,15.033025589638317,6.534623424737289,12.143744783779598,8.402192608274351,15.165657979967138,16.081693649291992,11
1.3787399844119423,72.0849944034366,1.774478914569216,6.434790236013633,11.678388946030978,3.19488213857015,5.9533619085947675,6.592674062764383,11.957375575031726,16.072765111923218,12
1.3751349951091565,78.86741977558604,1.8935031094777373,7.093870635650927,12.896307236947898,4.399933618443613,8.078659538094325,7.235457675108659,13.14951176772505,15.977730989456177,13
1.3728130790922377,68.70831983217016,1.690213433592452,6.600612225822532,11.99164688551533,4.05107662241946,7.438517170567667,6.733250153780767,12.228520592828954,16.05286192893982,14
1.3824808472081234,50.21566916890509,1.3402592153249113,5.350463164557151,9.623351957097203,2.7720110348644798,5.138652054838432,5.484746714040002,9.856911170660704,16.303476572036743,15
1.3898940525556867,45.603684854838974,1.2591227221548378,5.167553249750959,9.282341570893594,3.042495842660242,5.6521482114438655,5.2742672283196,9.464638962482564,16.199306964874268,16
1.3844609323300814,31.8838816545327,1.0210257452461864,4.323318355469758,7.751896152555389,2.5830299223586475,4.77223261904462,4.423384055833717,7.923225192075276,16.12019419670105,17
1.3811117159692865,41.51849866240075,1.1961860085193166,5.286716167593082,9.44236367892816,4.965260842198709,9.146514543246873,5.304506031868708,9.458736473035552,16.205228805541992,18
1.3803089731617977,39.81778163860626,1.1277646402363937,5.178697169104288,9.163451486040456,4.553893019048759,8.405515320738603,5.212791332164572,9.204810358667675,16.135411024093628,19
1.3802219692029452,32.272947011302136,0.9663499095568191,4.38920673029091,7.668562289204274,1.9359466951656965,3.5700139737596697,4.514825496648051,7.878427700058045,16.089892148971558,20
1.389761441632321,37.07031576588527,1.055885773715854,4.889940545814843,8.63913943043966,2.8057346076039673,5.16493815571869,5.000460140430296,8.823366737908243,16.234012365341187,21
1.3849652691891319,24.43500400427795,0.8348329766905159,3.9008030700388283,6.777649953468224,1.9663096751020255,3.6204317905863777,3.996682901051188,6.934131970232201,16.29245948791504,22
1.3783050461819297,25.26518201675464,0.8552655337791907,4.185137349798064,7.300553768106706,4.252792011098539,7.890246202242007,4.182055381526356,7.2736904596722605,16.22756600379944,23
1.3752082649030184,23.264967251781666,0.8259989598517978,4.001324385781098,7.034984094084062,3.9279765442406815,7.309655704086633,4.00551400655884,7.019294934716586,16.151459217071533,24
1.3816492243816978,18.808160262781822,0.73466829776368,3.548058357733362,6.119473061357839,2.966486031940665,5.4649805433294745,3.579415349595702,6.154761713425446,16.24915361404419,25
1.390843429063496,20.385593870638683,0.7414513837244164,3.680964847949448,6.222582878965806,2.7086973733612987,4.932157891013405,3.7361959430999536,6.295887342491221,16.19654107093811,26
1.3806123482553583,19.507158090231208,0.7095501810729127,3.503036609149462,5.8620386074319795,1.855413573293975,3.3744827270507813,3.594682267568644,6.000403740645226,16.20057439804077,27
1.3737170821742009,19.267210367854563,0.710807622539142,3.4634463145068337,5.835432538931753,2.4368322827997484,4.48566360173263,3.5174898127158896,5.906487739839702,16.254379749298096,28
1.3793828361912777,18.104058284299654,0.6999065459025485,3.487327547459019,5.938305112807358,3.2627952035157386,6.03794333162208,3.500374952018796,5.932515433404725,15.97632384300232,29
1.3790309680135626,11.382078990068734,0.5827190835692495,2.6847626344453523,4.620367640451423,2.0628698534435697,3.844749689102173,2.7155620067479407,4.658780452588153,16.05926823616028,30
1.377977352393301,14.511849351597006,0.6085173402956227,3.0998431924536,5.271841618574325,2.1109092768295343,3.9300871838580123,3.15540583316719,5.347227182523731,16.24463200569153,31
1.3821947574615479,17.6736740281515,0.6308619330618324,3.5168235505086023,6.049469053861913,2.7373978203418208,5.121103483087876,3.5606440501681567,6.10166327487146,16.16023540496826,32
1.3777811025318347,16.670357535860006,0.5952166518976085,3.2710265590023098,5.549596872618594,2.4545147523707507,4.581021648968837,3.313234623102835,5.599665457393621,16.129250288009644,33
1.3733709548649036,13.626729260543218,0.5470402645477536,3.0533569878904436,5.061960760897978,2.5757661667080294,4.668610036865739,3.0775412728266462,5.081879243214127,16.104737043380737,34
1.3717946441550004,9.34087868568682,0.5074700566467095,2.523448567771714,4.115439608089649,2.2783000515956506,4.111501770861008,2.5371575439185428,4.115659901970311,16.21696400642395,35
1.3789467372392352,11.350026172151024,0.5330236796018069,2.7191783086316406,4.623931267238991,1.7478344945255242,3.257940895006012,2.780260335319797,4.709830290760382,16.212599277496338,36
1.3773354668366282,15.973901082198443,0.5764552451602525,3.2133042232844926,5.377828468886794,1.7785161235522775,3.2933642662746805,3.2972168102819537,5.49973705612258,16.126596450805664,37
1.377983946549265,13.373093968275597,0.5202810755687782,2.9330265252165093,4.816532389322917,1.511549590736307,2.721626385565727,3.004794896360847,4.922301264461555,16.151769638061523,38
1.3733508775108738,10.86097440545714,0.4749684610107533,2.636417229753707,4.360834544610485,1.3880415827530705,2.4784494798302195,2.703239593213785,4.461593840726581,16.227238655090332,39
1.3732892274856567,7.932228805061556,0.42706559097087543,2.3055814673061206,3.7633831134352436,1.8293141062997837,3.252006927843196,2.3332153883235685,3.793054158889925,16.12675166130066,40
1.3687131139967177,11.832177187718662,0.4779947294356997,2.7947418932817496,4.739427520007622,2.1403302666281356,3.947106797354562,2.8284460728925795,4.78023443248108,16.040677785873413,41
1.375655544431586,9.741083913540237,0.43323338412696344,2.5748329145148214,4.336343603352897,1.8543219466588488,3.424806331490872,2.6102507996752022,4.381151683435475,16.102903842926025,42
1.36683283981524,8.46090484287008,0.39635467336196534,2.344963002283342,3.816765787389664,1.6927237505667092,2.938067084231211,2.386724239999916,3.8730267806140803,16.23909306526184,43
1.365124363648264,9.429973222218146,0.41101604933283514,2.5494829316156635,4.169791160428281,1.8646080031063095,3.1966344253484147,2.5881211854393773,4.224693340909311,16.155810594558716,44
1.367210494844537,8.284643811710827,0.380633352154379,2.3598093694243283,3.779707930989331,1.7737016094569402,3.0371301983474592,2.3856583624280336,3.8124576223636963,16.11471915245056,45
1.3768985961612903,10.358048496285827,0.4230716263038525,2.738370599213594,4.5941013786363305,2.4589517106570957,4.573548448634447,2.7519633203018987,4.5951011963636015,16.20771074295044,46
1.3770069887763576,9.657618797183858,0.401527255940488,2.5983090758377396,4.313786513100312,1.7669560440895071,3.242460243602216,2.642803551820479,4.371124503570793,16.21757674217224,47
1.3551213553077297,11.540699095760093,0.4313024165095967,2.87698739366026,4.650456364237251,2.491355803617385,4.361006158029931,2.895243075751062,4.664158812809782,16.2988224029541,48
1.3562740401217812,10.59665526389703,0.4164718125067419,2.8063116059943662,4.491058933963157,2.5722381677200543,4.562774893063218,2.819245974616087,4.487096236710696,16.381314277648926,49
1.364566407705608,7.022331285720647,0.33618748187246766,2.157684723428089,3.348593703515094,1.2873051506265734,2.248066232404636,2.2043662439227227,3.4076189492107534,16.1077938079834,50
1.345491227350737,9.3531393988949,0.3799881809071036,2.5660744188940017,4.2834932541273005,1.7054603656133016,3.1748241504033405,2.6085127493541753,4.338163583950265,16.134538650512695,51
1.3777337387988442,7.274853633498076,0.3486811086032818,2.22460716089764,3.6640217023764743,0.9808937422025187,1.7593568425321784,2.2840381233229934,3.7550362390607375,16.067256689071655,52
1.3518966248160915,8.837602513828326,0.3614784575864018,2.529900752419957,4.068712574566981,1.5212856676938722,2.5511905340839633,2.5873351909091005,4.155126338022647,16.235902786254883,53
1.369851457445245,9.250578138563368,0.36083180031168116,2.5188685287663968,4.096442611129196,1.063574332723118,1.8213301055806137,2.6079439661031856,4.235697182662167,16.22427773475647,54
1.3511340816815693,9.68065646166872,0.37271066449545875,2.5914490968801314,4.129131653132697,1.6964970926063119,3.1915978544973322,2.639970670329486,4.179961777842783,16.11365032196045,55
1.3357145409835012,9.940288216420534,0.37776061559086216,2.676974873212944,4.476936483730701,2.677487139513264,5.025852979239771,2.6769441730116426,4.444017063240909,16.09367346763611,56
1.3583725251649554,6.270583992079635,0.31725445508486655,2.0780055621044955,3.5260621922961355,1.7562382807497119,3.313860869798504,2.094273937787613,3.5367909702976066,16.2154860496521,57
1.3632167201293142,8.177170780123438,0.33404829806920505,2.4051982338891706,4.005906336000869,1.2195251656587793,1.7786042803809756,2.4658538492078597,4.11984869972071,16.211469888687134,58
1.362942498922348,8.926835495699812,0.3300441798270966,2.4842831577177584,4.121582295869905,1.083935741470893,1.6768489829924424,2.552667048886562,4.240967315758297,16.172369241714478,59
1.3562094628810883,6.408823194659318,0.2823215657489132,2.0662993824106195,3.2507676312873173,1.2775106723311496,2.1772420608689425,2.10992425827753,3.3101401441924425,16.301406383514404,60
1.3573366968255294,7.278205457516145,0.30479606875498316,2.2270414766604234,3.690868711899337,2.046729244137206,3.9101465272705584,2.2357359773336416,3.6802952992720526,16.29906988143921,61
1.345313178865533,5.087495719539328,0.2667330053651442,1.8502709730995397,2.973806704204795,1.328193808941032,2.4947988978235713,1.8800385107870587,3.0011185317011604,16.054023265838623,62
1.3977234112588983,8.773042590025627,0.31389543121936275,2.384834476180283,3.873093420300225,1.0814786476001406,1.6284372530485454,2.4601195002549274,4.0027502807567705,16.270639181137085,63
1.359222412109375,10.396877335314404,0.35060388699497697,2.6494316339619144,4.454004988192754,0.980441410122937,1.6629535332890868,2.7411036930577395,4.607307968299594,16.323987245559692,64
1.3802599655954462,8.395915186315921,0.30642923088674545,2.3438624887542763,3.919069344825656,0.6687275241046158,1.0302532574602665,2.433394375130155,4.073469618786018,16.083377838134766,65
1.3420092557605945,6.355303183912777,0.2700383631314461,2.0928981716233093,3.471673374741248,1.4334664148337832,2.3552497585168046,2.128859825383604,3.5325567332747716,16.30801272392273,66
1.3666941178472418,5.16785180208025,0.2566549114978994,1.8772203966806638,3.127653162594188,1.268719630527618,1.953090258485056,1.9102594777554218,3.191427047916775,16.245046377182007,67
1.3966789559314126,4.816036776656532,0.21923111393185354,1.7623259173916874,2.729310408117129,0.971934861655898,1.3261000538224224,1.8057733480312923,2.8064443096911447,16.235873460769653,68
1.3406525975779484,7.595657635963826,0.2571891217567285,2.2542280284729106,3.612903267564575,1.5118394957648382,2.516715637842814,2.2913088223936655,3.6676556097977366,16.33566164970398,69
1.347102359721535,8.335024079485446,0.2664430098457474,2.3496608901183547,3.847993169722638,0.8768270299962547,1.3491306722599223,2.4319858102267995,3.98766848292948,16.137210845947266,70
1.364040964528134,5.609337630233874,0.2150451542427918,1.9534470408636557,3.087156658688916,0.9329994870636518,1.3854983915765602,2.0058478283752663,3.1745381668981363,16.18981122970581,71
1.4136324681733783,3.2050792374691475,0.17974241657593862,1.472450219168783,2.1706442614762316,0.8113835332490843,1.113803489602727,1.5092865436773402,2.2295341499345436,16.365912437438965,72
1.3884752737848383,4.453742765437411,0.19747617101448894,1.7495966648284018,2.729465443474486,1.0347382457235164,1.7898561673472588,1.7877398280848464,2.7796008620259243,16.109626054763794,73
1.3886984523973966,7.4399114125452375,0.28287248565024853,2.2823745137204154,3.52849057525236,1.4036152178538595,1.8789660222288491,2.331590801090389,3.620874615458699,16.28194499015808,74
1.3471700392271344,7.470761795899433,0.271479980904271,2.275233681899449,3.5887311532956745,1.4416303923635772,2.002842251019987,2.3175918774216293,3.669315605523668,16.236568450927734,75
1.3813820324446027,5.249473363455926,0.2101111785039284,1.8448264682187583,2.8957370505957534,1.0830498792791878,1.5688722056727256,1.8841358004371707,2.9642061574033436,16.176198482513428,76
1.3516871740943508,4.347146625242152,0.19897376452781435,1.6824528101509206,2.5940142471795524,1.0299088449189158,1.6050299869884144,1.7201681501878416,2.651174961393147,16.061254739761353,77
1.3405414129558362,4.569502221758698,0.22014007765884153,1.8029164059339604,2.7292243913076457,1.9010724712129388,2.998284662743951,1.797760868390856,2.7150922689899795,16.41120672225952,78
1.3323774902444137,4.022100643823403,0.1962237929280202,1.6941745432160518,2.448378137562067,1.7954368459312149,2.7375222044420076,1.6881205872196507,2.4310916873804045,16.194194078445435,79
1.4327672322591145,4.998466291072707,0.19785960239161268,1.8499923268231768,2.7566541973073635,1.134679309677028,1.6757612012467293,1.8899665788542985,2.8170583942981273,16.0812885761261,80
1.433759934023807,5.677711822535251,0.21367074345595852,1.9534772528751727,2.9756472431917276,1.0047988758220538,1.3850743420474179,2.0088152293159163,3.0684279415185856,16.251277685165405,81
1.3397607677861263,8.32751195687419,0.25059669187869854,2.4233398041681866,3.845394481851897,2.3672253304225315,3.923510845200422,2.426052279455818,3.8416184750766433,16.16776132583618,82
1.3598068513368304,3.946699684956136,0.17868069952282914,1.6806426841615587,2.397403655429832,1.1868788801428878,1.7058907888986015,1.709741472534708,2.4381562442649845,16.42104482650757,83
1.355227834299991,6.298727703094483,0.22033850252628326,2.156373071670532,3.568366014957428,2.0352369554999736,3.760354048540803,2.16375268692963,3.5566700675701926,16.20387554168701,84
1.3639376728158248,6.235756816043178,0.21254191776253292,2.1412888175511684,3.6090707334514063,2.1455866639177903,3.850469359777924,2.14105880399585,3.5961507325201207,16.180591106414795,85
1.3758879460786517,3.6228040142946614,0.16091049430270496,1.6116458448040056,2.4559147671686805,1.2054605522619086,1.701609708036971,1.6326524744081736,2.4949250980038538,16.138286113739014,86
1.3354606628417969,6.502259055781219,0.2110370950819318,2.131154807686408,3.3906211530953945,1.8688044812046203,3.0794919935323426,2.1472851677836684,3.409750604092851,16.124608516693115,87
1.3322779944068508,7.711387534594838,0.23528159323780282,2.320169554304845,3.956533469940203,1.9254167453730688,3.537012209534174,2.340444065330961,3.978080164064879,16.290809154510498,88
1.3444331319708573,4.209892289923398,0.1760620843083302,1.6665826105288288,2.695236379790409,0.8617157284304392,1.488650002925516,1.7130429171776587,2.7648856330947624,16.17355704307556,89
1.3711732061285722,5.655413584548313,0.19566654830320948,2.07992213463497,3.2559767923560488,2.1799399852752686,3.3995718240737913,2.075127983258334,3.2490938467395645,16.281304359436035,90
1.3083724787360744,5.309434158667038,0.18301091430277888,2.0044391303783127,3.263000370064794,2.316104069462529,3.828533963803892,1.9872411533908985,3.2317937230761737,16.280858516693115,91
1.487296091882806,2.5273793148957933,0.1515197646806531,1.323813235412878,1.7208179982113803,0.6231767213832565,0.6465338865915934,1.364242735988434,1.7828084849519608,16.17004942893982,92
1.3543438723212795,4.409790007458535,0.1613121970957537,1.78684649322411,2.7086556266118023,0.9680967971644044,1.5463404877241267,1.8300266468612658,2.769955164861796,16.215219974517822,93
1.3773089333584434,4.554981742637122,0.16309935055543376,1.7643519189355135,2.751192313301885,1.3672183278226906,2.2453246886787546,1.7881407158617229,2.781494316518822,16.30487036705017,94
1.355375283642819,3.969789802422789,0.16344562191662224,1.727155872506307,2.620021750924213,1.5465821982616217,2.3800881442739,1.7369959871184297,2.63309661505328,16.292304277420044,95
1.3818435668945312,2.689557907455929,0.13580037088494235,1.3756359651412364,1.923048437432331,0.9668396509945665,1.3467586514067977,1.4007186210981277,1.958408080772533,16.167744636535645,96
1.3492135060460944,2.6166497944046343,0.12478864326803714,1.3268895307420512,1.863445185435374,0.9220077514648437,1.4433781722496295,1.3505382157524546,1.8879808316418052,16.25224471092224,97
1.4029841674001593,2.148154014529042,0.12157271583148606,1.2222983717501095,1.6172380065324472,0.7187931588087132,0.8829462679605635,1.24824589038269,1.655078805248674,16.16455364227295,98
1.3749159825475592,3.7638501790678913,0.14679832846498003,1.6450371730583921,2.5683323700670204,1.1805021372815045,1.8781255532014853,1.6706921676118514,2.6064505614985607,16.23778247833252,99
1.4369352867728786,3.424460787434517,0.14192811755988471,1.5271542970644767,2.248806652562027,0.5785636769900532,0.7694456280402417,1.5785710514302942,2.3289929126810507,16.24038791656494,100
1.3349978798314144,3.638704283462018,0.14875433818330025,1.5797774647041252,2.3445574249847136,1.051306287787239,1.5943734931130695,1.6046142251231212,2.3798140544780266,16.43004298210144,101
1.3388652299579822,3.3252036894121364,0.13966868137690158,1.5053738205684908,2.367425982673088,1.1080236108894022,1.962474945263985,1.5274893799242908,2.389964513749522,16.213324069976807,102
1.410576437648974,2.1609433117220984,0.11813826443061866,1.2064148734042717,1.6712554539228641,0.4710999344547736,0.5569251692163109,1.2480683597832618,1.7343790571027775,16.135009288787842,103
1.3795044171182733,2.77351686863506,0.13579594578993484,1.4046719529524874,2.0142291512016914,0.845223134246196,1.356379595478024,1.4308436177971693,2.045004166966515,16.129162788391113,104
1.466620269574617,2.7664107811461776,0.12463792128026926,1.3843141800850634,1.9681290545291077,0.6657016070808951,0.9213002723033034,1.4216561741472526,2.0225264491504227,16.27850365638733,105
1.3892442427183453,2.9240028817649972,0.12344789578704599,1.4255811405329284,2.1698226339113216,0.8360979720745492,1.5134686137853044,1.4576430272495884,2.2055217209064346,16.15699553489685,106
1.4231276386662532,2.333700111270543,0.11072872854126599,1.2413292002519494,1.8128995280766915,0.604027685441139,0.9879159295003473,1.2777054324152688,1.85998841705572,16.272096157073975,107
1.36151343270352,2.919630848914499,0.13407281137674143,1.4296284028383823,2.1846565415864694,0.9135540798666396,1.5190231074457583,1.4583918746594915,2.2217556486607366,16.222460985183716,108
1.4231813330399363,2.6962550906996365,0.1281435482227171,1.3540079308942594,1.9099502919990325,0.5958649665304699,0.5503779681223744,1.3952536476243327,1.9839159331755383,16.061622858047485,109
1.4461518212368614,2.9040580428102554,0.12127251521072087,1.4052187258592588,2.1200400374510107,0.784787452972687,1.2719901349093463,1.4430452566150125,2.171744035274926,16.313920259475708,110
1.3379266763988293,2.9002911550438064,0.12146640846587582,1.4309575517048208,2.1034354690433474,0.6962616424903056,1.0464723407218752,1.4758279653856823,2.1679878211330292,16.321813106536865,111
1.4151530328549837,2.75366241775317,0.12792030371043145,1.3915887924809116,1.9914978359443318,1.0346439382248132,1.6141528811881212,1.4095088787468113,2.0104421436543367,16.309591054916382,112
1.3309332571531598,2.3686072991188096,0.11295139956253114,1.3035218904147066,1.9302324738422125,1.0224264496134157,1.6724663981190928,1.320214830231693,1.9455399814238183,16.275648832321167,113
1.4013995998784115,2.6156892864331724,0.11062977027585925,1.357004665798611,2.0030593179159117,0.7097943721298666,1.0832205805285224,1.3913802924626493,2.0519152196093113,16.386707305908203,114
1.499786941628707,2.690762418835789,0.1167839714365951,1.3756920732373594,1.9778865364545215,0.9286416448263758,1.3905964663708545,1.3985260541866986,2.007883513621795,16.20828342437744,115
1.3374900441420705,3.0623566880470214,0.12154457251755449,1.471032532366288,2.2570186163980597,0.7194824776880007,1.0599356152629125,1.5113078956346517,2.321169950938171,16.182069778442383,116
1.3584844187686318,1.9078738992213733,0.10261889010720777,1.1715857128886962,1.5882185307411767,0.5302895403830535,0.6559008982401252,1.2109777166658477,1.645486642129766,16.18069052696228,117
1.3266355928621794,2.0520018130557944,0.10203317581539575,1.1983571804268165,1.803850201307462,0.8705744799445657,1.5767374655779671,1.2151614543084979,1.815493465188904,16.196337461471558,118
1.3519682194057263,2.1494717632854883,0.10990056671519909,1.2036100662389309,1.764724939362196,0.7081150116959238,1.0421765922253972,1.2320685624265184,1.8062240970070322,16.277471780776978,119
1.3377345549432855,3.369336607283013,0.12140620633046201,1.5461866485894433,2.3743173401727926,1.0073251879021767,1.8483289868644115,1.5754952704322842,2.4029257908982546,16.133038759231567,120
1.375215812733299,2.9532624466973076,0.11662434781202187,1.4217595308604123,2.0305518014513915,0.48444834815131294,0.5476188053687413,1.4676032057599475,2.1030816373014636,16.125237226486206,121
1.3583510172994513,4.081377782577124,0.13415315774770883,1.7038141416892028,2.796911351130559,1.6694613244001728,2.9576471658577597,1.7056661605061816,2.7882458238791106,16.1962673664093,122
1.3503568548905223,2.7725016837395096,0.11565258831564974,1.3846621314762864,2.176125929023884,1.34393276811457,2.374574922055614,1.3867285201751463,2.16605755586164,16.19240975379944,123
1.5048494589956183,3.1853422490903727,0.1191750476527362,1.49739557815024,2.336436139363746,0.7520544759882322,1.224445578737079,1.5369223975791726,2.395407056245466,16.28819441795349,124
1.4135017708728188,3.147263254825071,0.12875357838893411,1.4905596436870643,2.3010770884897247,0.7043927819461797,1.3267546202007092,1.5300518721453207,2.3500211047331008,16.050508975982666,125
1.3173778684515702,3.6104899329074303,0.13843634995333667,1.6305807179418104,2.479443311268473,1.6076667247674403,2.593536405481844,1.6316882982354497,2.4739284062282136,16.16140341758728,126
1.3170832332811857,3.581857334663811,0.1293374439885188,1.571923902596764,2.5822746775974736,1.5956523811152319,2.8179072591581233,1.570674028114485,2.569862773853825,16.123974323272705,127
1.3506942485508167,2.784693462569104,0.12378261935326361,1.4031241280691964,2.0367811528219057,0.7924152125690814,1.0649311291544061,1.4359951289449806,2.0890903634998006,16.232893705368042,128
1.3291192933132774,2.99366623597559,0.11535577055298629,1.4757419924313357,2.1785330536472194,0.9816730191704742,1.443996009413516,1.504277670221061,2.220957338461983,16.23251962661743,129
1.3757625818252563,2.5803694529947414,0.11808855722879193,1.3637902755316549,2.008987456112928,1.2011827015785421,1.7766527143017998,1.3723866931013056,2.021270071998984,16.21602964401245,130
1.3929543934370343,2.8937877155833087,0.11317663434114507,1.4289564991253025,2.188700956808999,1.0798848895576056,1.7285389337014025,1.4472641840846863,2.212835002728245,16.27194046974182,131
1.3522884845733643,3.220678534503444,0.11791156537918325,1.5291771991496887,2.4521325466201787,1.0385366640465643,1.7909496329129875,1.5554954595719457,2.487598759190005,16.202606916427612,132
1.3139502939425016,2.456237691910474,0.10299235535375377,1.3610673784791212,2.0537024667953228,1.0431645204663118,1.654136661514343,1.377753610476679,2.0746750650122694,16.05472159385681,133
1.3268809067575555,3.017064366898092,0.13232134795148687,1.4835518212947645,2.290321941086178,1.5859127939125128,2.522541720604262,1.4780296015291132,2.277793970352564,16.13880205154419,134
1.360692236158583,2.529751671516448,0.11272449192341102,1.3434980994337258,2.129397208976214,1.0717491284012794,1.7785146795213223,1.3580825603066584,2.148228585745054,16.08039617538452,135
1.336784883549339,2.722764802217811,0.10548760752238187,1.4068531171448047,2.08028856626129,0.946615479331144,1.4304374340717299,1.4293152726920735,2.1120049855265233,16.139015674591064,136
1.3165824977975142,3.136225362788052,0.1112125671528551,1.5214489642083413,2.3758428383021277,1.2404171174945253,2.0164033508300783,1.537256688324555,2.396060824223544,16.083162546157837,137
1.3752067904723317,3.2614024601197666,0.11945517670513159,1.5433401504000603,2.301765903343901,1.383994879414193,2.1204997176554667,1.552042933458155,2.3116659192026376,16.281304836273193,138
1.3325085138019763,2.3149920382687865,0.10430584657271534,1.2875456602730615,1.8980083557968568,0.9494668431155129,1.4926698162528498,1.3056989415123201,1.9197731625551884,16.270349740982056,139
1.3437454965379503,2.552926390533326,0.10786614864392864,1.3379628159455488,2.0424233969944092,0.962750357406146,1.4410882837632124,1.3566059577108343,2.072301838343228,16.266820907592773,140
1.361525673615305,2.482813866452915,0.10934471732960488,1.3187944299519507,1.9217944660431159,1.040459827364078,1.4134262080936995,1.3320086511791263,1.9459297412481062,16.16323709487915,141
1.3614904127622907,2.5586985918002365,0.10146154414751019,1.3507646658060815,2.0476569713564077,1.192427055662388,1.9897888521108118,1.358481470284766,2.0504772616255202,16.12993550300598,142
1.3602307344737805,2.258768027513185,0.09338492224018406,1.2891057011456897,1.9000165560268076,0.903420885561012,1.5440444022770456,1.3093543442204145,1.9187052438407055,16.265701055526733,143
1.4053458979255276,2.6022687650835645,0.09929949650674029,1.3931612176813377,2.1158053486586916,1.0722465045015577,1.5941065130099443,1.411960706721307,2.1463669566038024,16.360785722732544,144
1.4325035183053267,2.0969411474618918,0.09316272249781545,1.2273821388111932,1.7650217574766098,0.8639378086213143,1.2067389392083692,1.2458939890829845,1.7934576266843647,16.31932234764099,145
1.4104809761047363,3.0018973164919496,0.122518821058069,1.44118573335364,2.2223222589336338,1.1718272768761502,1.9578585112390439,1.454383690991028,2.235280344519545,16.248276710510254,146
1.3967768957740383,3.699722772733873,0.12947435362639034,1.5844187109772812,2.5479029942633247,1.2514422103304672,2.247695226195856,1.6033691734727127,2.564988460598512,16.267534255981445,147
1.366186681546663,2.129431416318125,0.10254144659289463,1.2134314316016868,1.7344273846446248,0.6118732869880905,0.7369142970302074,1.2420361286604487,1.7818601211236447,16.322475910186768,148
1.3492130543056287,2.5848948247950574,0.10908149948231467,1.3983456471054239,2.1600397917150023,1.0878578130749688,1.8566197264553312,1.417085173505101,2.178352833371707,16.27829933166504,149
1.3822589673494037,1.538943224531622,0.0890128967179172,1.0570314792400235,1.4470546456715463,0.45596835543911995,0.5073338811029524,1.0936981690535974,1.5043804750471788,16.45888924598694,150
1.4060981022684198,3.0044644799660807,0.11897454719748508,1.4122146063923766,2.3710325962598056,1.2064288129161684,2.3512403006231235,1.4240982718362531,2.372175549853255,16.331340789794922,151
1.3892451148284108,2.8908217508626364,0.12683041270307266,1.380199141148272,2.339958676127219,1.09128479642163,2.1234648218414662,1.3954488958365423,2.351385812686929,16.34478259086609,152
1.3208094898023104,2.583475588315849,0.1036630919107541,1.3935963007789969,2.0959518071757532,1.1682596565015388,1.8184235312721946,1.4061760457769785,2.1114451771967304,16.249773263931274,153
1.5078615828564292,2.0316742800096805,0.09746082326834261,1.1820092663144866,1.7203034185832375,0.3913107233888963,0.5144842262653744,1.225963911395265,1.7873344179703468,16.23951005935669,154
1.3244301896346242,2.441375981100892,0.09539602851333405,1.3011498933291357,1.9767588359695796,0.8075583724357821,1.3655464137614015,1.325587084228532,2.0070192937646416,16.159414052963257,155
1.3889871271033036,2.098015595269769,0.0884951393670711,1.1956742821094053,1.7930543799149363,0.7624643817443436,1.2931146447957769,1.2174184140672628,1.818147885268889,16.215145587921143,156
1.344785407969826,2.7657633134130646,0.11136211119774098,1.4502690691961417,2.1478784012629055,1.26060061984592,1.9655044688734897,1.4601949592471688,2.1574225249687022,16.149237871170044,157
1.3653748662848222,1.8293267990310886,0.09771065515202979,1.1537379828080039,1.598350694045287,0.7520705171721124,0.9522218017078383,1.172633174999679,1.62874582583726,16.38320231437683,158
1.3561577922419499,2.1815340382568875,0.09777793984017531,1.23286151417694,1.93111567828403,0.6868270101021233,1.2445780647744378,1.2635339200075142,1.969680468562541,16.189067125320435,159
1.3834192313646014,2.4481523328315946,0.11405769611979548,1.3091059271643326,1.8830063294694874,0.5645301936492519,0.7027487266720749,1.347908188031092,1.9445133827531929,16.375713348388672,160
1.3639511685622365,2.489079996185093,0.09984976164506165,1.3092196092176447,1.9433962491575734,0.7154090898530977,1.009451507141231,1.341061626721284,1.9934773320737091,16.270690441131592,161
1.4688346574181004,2.099147486045846,0.09551693745796254,1.1824933220358456,1.7407394308128104,0.6490315856829367,0.8529113433400138,1.2091118540175527,1.7850400772562787,16.235806941986084,162
1.4023837917729427,2.0411775162766794,0.08986872581398707,1.1716561601197621,1.8646099397815163,0.6192779681675553,0.9120424152475543,1.1972533520569553,1.9087519095230963,16.417075395584106,163
1.4623182133624428,1.5186251187438453,0.08338980543571865,1.015017695071607,1.4156339306186585,0.5209976765083323,0.6318471787989824,1.0413264588726578,1.4573740605990806,16.20534634590149,164
1.410850723584493,2.4590064543977093,0.11013741600162026,1.3570817807893707,2.1180259626909845,1.1070247669860682,1.8609542403110237,1.3706609626523254,2.13198610376845,16.223562240600586,165
1.3924191562752974,2.306430623285468,0.10797493374601587,1.308953579648101,1.9615807043369313,0.8780600534887185,1.3652688480391273,1.3328921193061214,1.9947091040429448,16.221916913986206,166
1.4495276278919644,2.778730291216743,0.10457705793360489,1.3587771697155735,2.133968972856072,0.9863689558102133,1.4511630222445628,1.3777871529593793,2.168823523102445,16.260209798812866,167
1.4013757580205013,2.696005048060657,0.10796591467560362,1.351339062039768,2.1366468815116604,0.9369528231224781,1.3297845365244374,1.3759120562085736,2.1844936634118537,16.380515575408936,168
1.3357764607981633,2.290663618780709,0.09445126195698388,1.2710333751968708,2.0245579921635564,0.9646235968888537,1.6388959151047926,1.289962381830557,2.0483829845081676,16.30959439277649,169
1.3418585563960828,2.243274741158942,0.0974630286286592,1.2585952980359087,1.8158966803019876,0.8432644711409827,1.3532006517588664,1.282221662535543,1.8422174018561681,16.214113235473633,170
1.4372476025631553,2.8930662954209225,0.1230138899905827,1.4662468540374716,2.180532646921358,1.080826081450675,1.5729665124653192,1.4903057677137699,2.2184584051087257,16.337998867034912,171
1.4139702783690558,3.3421074820466417,0.12759861031269626,1.547728112178017,2.443704631582984,1.1173188907311995,1.6899620190695608,1.5693337169610933,2.4815409270407534,16.188973426818848,172
1.404509801613657,2.0032348672917077,0.10552319246504292,1.1886673880998875,1.7433037046330604,0.6480950938969092,0.8759614798917349,1.2165700681569367,1.788073221842448,16.269315481185913,173
1.2969099785152234,2.8979370188810996,0.114506824020146,1.4513817636773503,2.349665503946741,1.193850104571783,2.132261313890156,1.4634016835457715,2.3598125039982087,16.313677310943604,174
1.3808952444478084,1.9908051645166676,0.10126252148751116,1.1491854226765774,1.7006989605446476,0.5646737672360007,0.8231450332992378,1.1808035557669474,1.7481687302663536,16.28210139274597,175
1.3194781855532998,2.228729934055375,0.08631991715330149,1.2337665104605713,1.8975287523802535,0.6356916262616749,0.9961875499738542,1.2690335123066934,1.950678599851274,16.373918056488037,176
1.622899896220157,2.3708209032882492,0.09274583358571198,1.2674513245720167,1.8917505789947064,0.3701023926302457,0.42213624947483885,1.3198769504033663,1.9776095540734189,16.303553819656372,177
1.3807872408314754,2.45604393357527,0.09277600209253582,1.3299519146605994,2.038744570516653,0.9564702798531189,1.4574674483268493,1.3510667114876203,2.0716070760709537,16.184682369232178,178
1.4382977862107127,1.6232095069300538,0.09055196469602252,1.065525586695571,1.5057090637315442,0.6183061944113837,0.7265402207771937,1.0877614906089228,1.544449601727587,16.2459499835968,179
1.335541191853975,1.467220034778437,0.08266552214048228,0.9984912057460311,1.4763759846800697,0.47111431931004377,0.6389133730801669,1.028101002973684,1.5233956364623475,16.22805953025818,180
1.3708081182680631,2.1664653009884978,0.09271894026765638,1.2361023040381072,1.7951636672043183,0.8144806394938002,1.1162478949997452,1.259786003541881,1.8333003354170685,16.386779308319092,181
1.3057750902677838,3.2901058399623007,0.10993494140902854,1.511435192766127,2.4023804845506036,0.9506161857464808,1.4457086165120283,1.5398226216350306,2.4508051775327573,16.1070339679718,182
1.4662137972681146,2.2529501384954598,0.09870340904596342,1.2314986412565794,1.8232685379719895,0.5148975485462254,0.5458777264013128,1.26567077122851,1.884182676977041,16.346086025238037,183
1.3349545441175763,2.185898048119509,0.09470057531988911,1.2271149826761822,1.9154575168913823,1.083582508671391,1.937401819413233,1.234670855100885,1.9143023110986725,16.35497760772705,184
1.3595619400342305,1.611564941082155,0.08964887583823883,1.096271878992848,1.4809697317156076,0.9001801675107298,1.302332176881678,1.1060272905738857,1.4898567965198122,16.317018032073975,185
1.4056189060211182,2.01671149403762,0.08676093796305742,1.1811118204085553,1.7542360387955556,0.6738775962792732,0.9515228496081587,1.2092801724081468,1.7988132898956237,16.34085750579834,186
1.3531433657595986,1.756182591120402,0.08410115788380305,1.091213055451711,1.6814972639083863,0.5001299201994014,0.7963138285436129,1.1236045029510133,1.730005466255279,16.288819313049316,187
1.3165932705527859,2.2703831941709884,0.09420315223094947,1.282883509155852,1.9101819021171484,1.0364076802495417,1.6930736155992143,1.2962078808402615,1.921918666273458,16.388110399246216,188
1.3255480276910883,2.159423812242836,0.08787168601574824,1.2705327316153152,1.8708995369428028,1.096724504495892,1.7546743577526462,1.2805414966836515,1.8775923690559695,16.3196964263916,189
1.486139598645662,2.0938349456748013,0.08281549673156191,1.1818195551198598,1.8190438155482862,0.7825778924324662,1.2096287945042485,1.2041796853532007,1.8531750084517837,16.33481192588806,190
1.362232107865183,1.8274393793139319,0.08107337979048493,1.0994898901464392,1.7067437023478804,0.3467680943806966,0.5223516626358032,1.1382340521600054,1.7677068429545952,16.190566778182983,191
1.3230259606712742,2.0511703910079655,0.08603611665613511,1.2267266087750204,1.788289202521829,0.9703779781565947,1.5301407435361076,1.2411687893618606,1.8028328112560357,16.292062759399414,192
1.3413664855455096,1.7859218727102872,0.08953048544065459,1.15256931055985,1.6407052055379756,0.8034310800550153,1.2010021558622035,1.17331089490131,1.6668270603022795,16.178491830825806,193
1.3000018659390902,1.9541812004093262,0.09583202729271548,1.1739175213463662,1.9007334145166541,0.7741053668135452,1.4706941921405727,1.197407192481746,1.9259989987206814,16.26984167098999,194
1.3317470738762303,1.5566306399404906,0.09042390415747883,1.0384699084247697,1.615832371531356,0.5721040889951918,1.0672794723510741,1.0672875783797846,1.6497285664142958,16.263559579849243,195
1.3365302211359928,2.5796628128495525,0.10353203417204104,1.4050988172639023,2.075696385969709,1.0991472787568064,1.676745719909668,1.4221305280883625,2.0979051350581983,16.247695922851562,196
1.3185776534833407,2.54231771613435,0.09547162494776439,1.3332247899841434,2.020383372628616,1.0026087586984695,1.57620244655969,1.350920823385585,2.0441579431554233,16.163490533828735,197
1.283438293557418,2.5173332374820747,0.0914473466162016,1.3133317625241496,2.1432157381542782,0.7788736678525151,1.4445823107578957,1.3410650832814806,2.179468193269025,16.294889450073242,198
1.2978812079680593,2.368816542147047,0.08970576906667173,1.2894512840690737,2.073823550326153,0.6677411879701528,1.1431706777342563,1.322105999708874,2.122705231554884,16.118375062942505,199
1.324492355187734,2.1502146392852692,0.08762310379246376,1.2023039280595713,1.8392698491439743,0.8720533276781623,1.3531656194616246,1.2210958295258716,1.8669301425945897,16.0667245388031,200
1.2905151718541195,2.2272676385242467,0.09214451798906022,1.316974109039823,1.9583761255840322,1.3716171788234337,2.1961113574458104,1.3140517241202745,1.9456617176132713,16.301872968673706,201
1.3176560339174772,1.6703722984962215,0.08709719763861762,1.1279649083754595,1.5344277535232844,0.8972812061860492,1.3292840484559068,1.1400560564541524,1.5451802290327235,16.145692825317383,202
1.4361029110456769,1.8026466041307716,0.093499056954897,1.1396500134417165,1.5774267630261418,0.7955027641134059,1.1886832054625167,1.1561012940578808,1.5960098961875921,16.26123309135437,203
1.340383862194262,2.4268499071734175,0.09049666805776009,1.2949763991180046,2.06172924613552,0.9417095504504599,1.5517720181307346,1.3147804017684597,2.0903172986260774,16.387376308441162,204
1.5409365264992965,2.10418980524047,0.08576294509053707,1.1603076542278157,1.835969116001714,0.376865849350438,0.3980979737368497,1.2036047646214851,1.9154334604931798,16.26547598838806,205
1.2954303214424534,2.5077364591813076,0.09241182041514284,1.396925891106953,2.1259746996462807,1.1759856502379948,1.8569145954496138,1.4077858958256317,2.13919996665785,16.179073572158813,206
1.3147594615032798,1.7315941653801021,0.08262495558857383,1.1537849008769665,1.591193557381401,0.9618754572838357,1.3705390606286392,1.1640858904224478,1.6030374874295024,16.481025218963623,207
1.2500952293998318,1.621394392823165,0.08403157629999715,1.0812285534667179,1.7605180072765931,0.890430938220415,1.6558963212810578,1.0932222194938943,1.7670946050456802,16.282658576965332,208
1.3464604867132086,2.173939925161448,0.09222764535661089,1.2498235369369302,2.1504863014147975,0.9308788610591019,1.7398661229250243,1.2678013760581408,2.173631536602877,16.345595836639404,209
1.3534111349206221,2.0003786864586295,0.0852775361561742,1.1728333314199573,1.822102488466045,0.601598451954658,0.7334780457993628,1.2053445024815255,1.8840602958847383,16.267130374908447,210
1.276976466178894,2.245695424178785,0.0808468212831153,1.2981026790306718,1.9959781774060896,1.1433553100423826,1.884776497267157,1.3061744983786194,2.0017786255897527,16.2124764919281,211
1.390821187119735,1.3694822338833008,0.07273726956723255,0.9888718391293194,1.4158342906927144,0.5514638720460199,0.7489459043118492,1.012458429777886,1.451795293243838,16.287498712539673,212
1.3237544674622386,1.8612573469769567,0.07771643942401019,1.1609506173595205,1.8006526935985716,0.8819840645818791,1.540027954087791,1.176695048760474,1.8153619805097385,16.354987621307373,213
1.298608792455573,2.5128645946208983,0.10240411583891817,1.2938927704525662,2.2020940455460773,0.7077963557387843,1.349287034815008,1.326678858302556,2.2497998913484825,16.348623752593994,214
1.3127158566525108,3.459310327346614,0.12902629859287035,1.5750214845667836,2.5160806061054717,0.9536016296794396,1.4102373923964173,1.6087299818166623,2.576066257642663,16.234065532684326,215
1.3110787303824174,2.63823674192373,0.10454149287151293,1.4033417641539936,2.123665813480504,1.0447967497163444,1.5983872189848862,1.4235035706185926,2.1532034027929767,16.34626007080078,216
1.5585340449684544,1.5738294563278492,0.07775460721247023,1.0253555978281415,1.503283076026291,0.4595173905690511,0.6976311111450195,1.0545345428097497,1.5448286352377913,16.33477473258972,217
1.5013987202393382,1.4969977561722925,0.06748953948445495,1.0227397729234393,1.449349258297535,0.5374194994289294,0.8951570781278404,1.0456987993327722,1.4755664069999712,16.125254154205322,218
1.319176385277196,2.114779969306774,0.08049635404362623,1.2022560229556862,1.8682350177916476,0.8896859152275219,1.4742418375230373,1.2192484059591402,1.889653838730872,16.356579542160034,219
1.3353553696682579,2.9332448063138417,0.11091152444686081,1.4708833026121468,2.35733067739648,1.0617246640677716,1.583065851497264,1.4914704374167134,2.3962883886141846,16.294172286987305,220
1.3208022494065135,2.482846428600561,0.10809758324997756,1.2977948926877365,2.1868704465001283,0.7881384315071526,1.314804882356972,1.3265717783536388,2.2361101783665656,16.345277070999146,221
1.3081957666497481,1.848998084254484,0.0890311566256419,1.1281261098012638,1.6681788335008836,0.6196742979314386,0.9339207767976397,1.154567222950286,1.7063626235721083,16.387266159057617,222
1.3300284649196423,2.371835172378903,0.08706623705226642,1.3467641044000849,2.0865341042711036,1.2000770287171698,1.9045138057274154,1.3562568155716155,2.098313449763529,16.26876711845398,223
1.3301379868858738,1.642989172451738,0.06912748932098009,1.100690355952482,1.6517571988313093,0.9073089414654356,1.487172334844416,1.1115945922025579,1.6610376679899752,16.21780300140381,224
1.400560931155556,2.8414321128056237,0.09615450196612453,1.3600367388726504,2.1469951979099005,0.9346179439403393,1.4628259807162816,1.3792922780250452,2.177962369732731,16.37820076942444,225
1.3229064313988936,3.5894363763671118,0.11189229110853643,1.4881998461621055,2.562528095548115,0.8305102357282325,1.3564652254883671,1.5264595445348772,2.632688204317198,16.240007162094116,226
1.494682280640853,2.6353154234059555,0.09843247359823291,1.3228936434065426,2.1720258503594287,0.7401151356070933,1.1096759528824778,1.353850082100677,2.228456530196806,16.26044464111328,227
1.2848819996181287,2.348382635474616,0.0934409035369875,1.359824545033326,2.001176478549556,1.351835806608756,2.122011311404355,1.3602968870127081,1.9940317850702431,16.22365641593933,228
1.3324734223516363,1.6405046548412707,0.08188042157018101,1.1068144954069505,1.60653768860322,0.812519045103164,1.1865817768233162,1.123600526489664,1.6304911374317261,16.32401967048645,229
1.4824206891812777,1.4937501471208325,0.0696912055759851,1.012639082757899,1.5220137341454916,0.5517301529904428,0.9761197983553862,1.038362001284524,1.5524796038742381,16.30456233024597,230
1.4821360362203497,2.530650023698527,0.0911660044706006,1.236017069904168,2.0458739781202677,0.43683015199807973,0.7123548058363107,1.278789534397997,2.1172438676880434,16.341748476028442,231
1.3287030081999929,2.933685596345474,0.09571312275753024,1.3675774794550526,2.2075864985488662,0.8114233808741989,1.297446009838005,1.398590222849511,2.2583384980412067,16.336793422698975,232
1.316377878189087,1.7726235708593547,0.07492875171892661,1.1357907154521003,1.6887733584544697,0.7873223768796958,1.227963911619223,1.1544932049617862,1.713505294081264,16.404948472976685,233
1.3356042096489353,1.480858564330937,0.07668330070488262,1.019750988311327,1.554644669651182,0.804610268599322,1.5761627339992395,1.0326567850072053,1.5533538612874764,16.271989583969116,234
1.3063339127434626,1.3810128107705688,0.07275435891012592,0.9874616408540292,1.4416319202619055,0.5717186367483162,1.0036069334839746,1.0119222737199625,1.467403545076885,16.280515670776367,235
1.3879905186201398,1.8480372122803679,0.0770209143536089,1.1210648531027447,1.6838464110006404,0.5656181079585377,0.7474879152406522,1.1488033640060393,1.7306073119472887,16.2916362285614,236
1.3174002296046208,2.500903862847222,0.08912958952923712,1.297141632227506,2.1129212546233394,0.7546194998870993,1.0784063893304745,1.328643663638145,2.172991197110685,16.256051778793335,237
1.3692603864167865,1.789227154597841,0.08065063908551778,1.0867952316238758,1.746292650620339,0.4250734931793972,0.6637623488013424,1.1222990079923674,1.804374369486674,16.401365995407104,238
1.457673380249425,1.2976400546110856,0.0762198517739209,0.9567291500933168,1.2547509808323516,0.3778587082644077,0.3243276737488721,0.9879073060261153,1.30486389947626,16.369104623794556,239
1.30397839922654,2.9647319689602063,0.10211874386146037,1.5168256771804665,2.3124871345175615,1.4761189211918024,2.375868936602989,1.5190165173115928,2.3090759043586853,16.275160312652588,240
1.2964603587200767,2.752574519539664,0.09935734504025955,1.4438292672230926,2.239053087176608,1.300277197578956,2.0689395550434098,1.4508152726086585,2.247331704642983,16.270458698272705,241
1.5425771349354793,1.7346103600866722,0.07691651532255211,1.0818268541292373,1.6733464291537459,0.4201752416203531,0.5930825431695145,1.1185394862115003,1.7332862733506402,16.34525442123413,242
1.3533725926750584,1.853890646910056,0.07541392375261356,1.104891079633664,1.8350977912315956,0.46984052159645,0.812636740947019,1.141988458056909,1.894826344358637,16.356502532958984,243
1.5148199232001054,1.7147256950545067,0.07503475156174899,1.0739675686774488,1.6222304913275647,0.7260790652001811,1.0411036993327893,1.0943140209565143,1.6562179856639903,16.338486909866333,244
1.3177092012606169,2.0992162505541843,0.08325061841976424,1.2667876167531393,1.8957943009452585,1.0945510382604118,1.7344776030742761,1.2759698755842548,1.9043943932060279,16.319854497909546,245
1.3837789736296002,1.1672139789940075,0.07072961565742227,0.9200101761771976,1.2190094328829917,0.5392606392482344,0.6494201828913434,0.9393987237291317,1.248014099939671,16.297470808029175,246
1.3837851787868298,2.4262965245501986,0.09036699391196294,1.2859623912921168,2.0579067277319636,1.1906380495648954,2.0300752042814065,1.2910365280736256,2.059388242471223,16.321250915527344,247
1.3815678546303196,3.1308758004352857,0.1056316023133995,1.4384667261096014,2.3387922351487016,1.249097188313802,2.067738503868403,1.447234585015564,2.3513420897845165,16.320311784744263,248
1.3815748001399792,2.091735660785009,0.08489520528479857,1.168743608796664,1.9021325561833806,0.4137908686463107,0.38780689445924965,1.2044654688873562,1.9737854441479061,16.460676670074463,249
1.3723275285018117,2.4845526609084874,0.092637214933262,1.404138982752381,2.0965845128478535,1.2353274754115513,1.9446651799338204,1.4136994988401346,2.1051883697509766,16.318281888961792,250
1.3717326365019147,2.0800083308303043,0.09383648979828255,1.2692504533404891,1.7533520974748122,0.9819964648186045,1.4453963911935184,1.2850414472735334,1.7702811329311272,16.466147899627686,251
1.3578496167534275,1.36130728737935,0.07484539720839563,0.9716210087917736,1.4741983009174353,0.5894567005095943,0.9835639807485765,0.9909041887543977,1.4989546410064853,16.476518392562866,252
1.327842116355896,1.7867110360844805,0.07545679393106897,1.127679781443328,1.772345342795523,0.8376504385190677,1.4214716205809639,1.143879502846685,1.7919435406048037,16.08995032310486,253
1.451728670220626,2.381781798363168,0.08792027484230969,1.2212646978942037,2.0070298057844815,0.3519472892467792,0.44873484189693746,1.2679539221931915,2.090722544039116,16.198335647583008,254
1.3454317544635974,3.4035346879062742,0.10291660193241003,1.6048183196253452,2.6023770113388087,1.2929607852474674,2.167494141575181,1.6221261652309074,2.626512589893779,16.347615718841553,255
1.3423501943287097,2.6593056218409212,0.10262308499301208,1.4350250819425345,2.112293649101736,1.2017349321586621,1.8773846605275697,1.4457147685792626,2.1230575567683627,16.189148426055908,256
1.396091705874393,1.3002197423185906,0.08074368368852289,0.9395522268713193,1.3465282340479034,0.4588618464767933,0.7272785305976868,0.9646198010828325,1.3788215728902748,16.27940320968628,257
1.3321462242226851,1.492212174631695,0.07694747251535197,1.0408305612901962,1.5427136761934577,0.7955240629169575,1.3340584950755303,1.054108103566138,1.554007414609568,16.24693489074707,258
1.428813193973742,1.4773359976119746,0.07291531938638918,1.0109471143322903,1.4509161887624449,0.5724991993095635,0.659257473005143,1.036628383991606,1.497286118908261,16.137128353118896,259
1.3236567907863193,2.3607737071115102,0.08417702444104314,1.295223268297998,2.1018593843506883,0.874897135520468,1.3794858582165777,1.3168214119520762,2.138977991654569,16.25309181213379,260
1.3724106111024554,1.605102133798103,0.07407189499317347,1.0512891242248852,1.5669763634840068,0.5320219415606875,0.6814282247514436,1.0789442649165637,1.6141388942956298,16.294133186340332,261
1.3207208545584428,1.7750316289551475,0.08378039773686777,1.1110611227746625,1.7889860760921017,0.881074214992108,1.5802148379820729,1.1247895883413461,1.8014481295072116,16.294791221618652,262
1.328407086824116,1.618296627901239,0.08849538334499595,1.0678103103500016,1.6457354139193765,0.8081706487215482,1.4077591822697566,1.0815534519191414,1.6583318865648697,16.31263756752014,263
1.4537761336878727,1.6925214045003651,0.07938866223734875,1.091568305174355,1.6164021433502465,0.5649111170487571,0.8822333339319333,1.1215979873324284,1.658263984262428,16.278931856155396,264
1.3149058756075407,2.2006721708341592,0.0795421502024857,1.2729236986975552,2.0005667653942183,0.8709217815996915,1.4185501978947566,1.292480536425849,2.028881131685697,16.46590518951416,265
1.4470389830438715,1.4449927169109078,0.0691097869303982,0.9958414423122327,1.4308814531491127,0.4630838699829884,0.6481612847401546,1.0239724252981253,1.4722110924926064,16.43725347518921,266
1.3111827624471564,1.756991390112854,0.08302171735267846,1.1222425628022874,1.8078378066247152,0.8885703185424016,1.5990092809810195,1.1345511545887672,1.818837774486238,16.30100655555725,267
1.3300479462272243,1.581976697551745,0.09357573768171763,1.0561739461030781,1.6596277391223122,0.6986038694497545,1.1711128520579472,1.0744444647586324,1.6845890876918377,16.359814405441284,268
1.320625706722862,2.093108725864193,0.09882433452303448,1.2698464553678157,1.80054822887507,1.0180759168975981,1.4356718205693941,1.2837415105493954,1.8206855484838345,16.260277271270752,269
1.290856825677972,1.9700386424630292,0.08272494189775267,1.2318564201665787,1.7985920477243316,1.0530359833328813,1.640675124194887,1.2423324647039005,1.8078434620570905,16.432340145111084,270
1.5225520635906018,1.3786496742800125,0.0692784911856417,0.9577522566425009,1.332121351237172,0.3793304707472187,0.4588677784554044,0.9897998019753914,1.3805040718242294,16.387592315673828,271
1.4897345743681256,1.5590464064530913,0.06974019212818201,1.0104375705390938,1.534901847038546,0.3935717629842432,0.5839244530681421,1.0439989571077481,1.5866409888877127,16.31793713569641,272
1.3417439586237858,1.7828091807356887,0.07917584054221898,1.1096104461582976,1.6503848987837906,0.7382287914775483,1.034293638067207,1.1287850387386122,1.6821939474762881,16.432910203933716,273
1.3466325621855886,1.6212398248343407,0.08867546103039854,1.1177886648936115,1.5204266322626916,0.9332379533310807,1.2789995606861186,1.1278501840636768,1.5335890293912113,16.258896827697754,274
1.3948720630846525,1.013602768851189,0.0792315603842723,0.8653771728200198,1.0549744776053023,0.448692794769041,0.39871668815612793,0.8864150031770092,1.0881079571254866,16.402677297592163,275
1.3769877647098743,1.656980614287913,0.06998743300290952,1.0611252640783881,1.651464657560772,0.7852153063436503,1.2663547937260118,1.0753993260080377,1.6713881200985845,16.046828746795654,276
1.455131210778889,1.9391462508285293,0.07600654002764488,1.1432304256132637,1.8486348375037245,0.6303546739661176,0.8998512599779211,1.1697874419245784,1.897763396304892,16.519439697265625,277
1.5473155473407947,1.326527599239831,0.06426070829404042,0.9473303677717265,1.3887241055451816,0.5141141515382579,0.5939994764999604,0.9722914961132985,1.4345146762741872,16.336692571640015,278
1.4556082236139398,1.2807117526682523,0.07923491874693854,0.9594376792165442,1.2388426581669836,0.5453517782515374,0.6381348423335863,0.9824517206915883,1.2722287556359808,16.25191903114319,279
1.440605132203353,1.6604685327762332,0.09779853992966357,1.0791044942338108,1.4577837355593417,0.538489723264218,0.6576735872184218,1.1090099061923246,1.502043780708196,16.431607246398926,280
1.4153728021515741,1.374548759354359,0.07464801534219004,0.9737007222954224,1.3303085405958235,0.4333510194161926,0.5169768477931167,1.0036068493131989,1.3753231088570328,16.255407094955444,281
1.3337138075577586,2.4084189650081997,0.08336151120059057,1.305941507341843,2.086336911576635,1.0355311046827218,1.8473027811010843,1.3193341898157067,2.0981756258148057,16.335936784744263,282
1.3325054708280062,2.4314292106667303,0.09069891102331008,1.3023975967267238,2.08434791448284,0.7116395485880245,1.225491665779276,1.336052887271149,2.1332767062717015,16.167546272277832,283
1.3654929462232088,2.502869836911574,0.09110258962799114,1.3038274638755474,2.0319780724769805,0.9267151394150367,1.4116270143303287,1.3248214679574861,2.0665133141523957,16.323257207870483,284
1.441115373059323,1.881686126460874,0.08165904719655107,1.1323727372332317,1.7081666646817835,0.7196329073472456,1.0302520845875596,1.1547885380237262,1.7449840552717097,16.43009924888611,285
1.383251704667744,1.900988947476312,0.10082076368959042,1.1429703791859005,1.7426968084248209,0.6121805869366009,1.0432051832347997,1.1722530566312785,1.7812865071848243,16.35021209716797,286
1.3504950435538041,2.133614334405637,0.12083393943830052,1.2457519183801293,1.7821127962116046,0.7358427634605995,1.0612227329841026,1.2722142953675981,1.819524263241096,16.323950052261353,287
1.3339225994913202,2.0328359430130547,0.1007944086988614,1.2243198847997057,1.7551958467338156,0.9705459621217516,1.3540537774562835,1.2366091790044054,1.7746216509975283,16.464193105697632,288
1.4097645972904407,1.8896733071299636,0.0789019108851113,1.1507941131727846,1.7419045972696552,0.856118079648918,1.275421730485786,1.165513132822948,1.7652053634046672,16.344720125198364,289
1.4343927534003007,1.6628611476643487,0.07244566760899195,1.043832842914222,1.6105430445340418,0.37792176457352716,0.6704939151632374,1.0791873668052978,1.660452101655468,16.297623872756958,290
1.331559840001558,1.862763898800581,0.0744128366617056,1.1509521484375,1.759168425339919,0.8044677968489995,1.2765072984385577,1.1704476228846106,1.7863261028927515,16.30187463760376,291
1.3013820334484703,2.0890131259547258,0.07936214346843527,1.2032604525006196,1.8556290446503114,0.9569278206684693,1.494070020662684,1.2182421817761129,1.8776187857271573,16.531277179718018,292
1.4648559407183999,2.0079763817974903,0.08330117573575398,1.1346634151428703,1.7325847175177627,0.5781979814928851,0.7898610054781889,1.1657773709500363,1.7852957453358027,16.36129593849182,293
1.3018254041671753,1.8778784034280098,0.08890513074250579,1.1490486025677604,1.8637395589496306,0.7647737185160319,1.2865526162661038,1.1697213712071737,1.8947903936801676,16.353557109832764,294
1.32380631722902,1.85514327615293,0.09302119410952636,1.1580552983840735,1.7549283539358702,0.9524430564386928,1.4924135955411997,1.169237116198519,1.7692046970516055,16.38783884048462,295
1.3107572480251914,2.510485046970306,0.0982997628905928,1.3716087273391135,2.106969405871353,1.1142666402947965,1.694184734707787,1.385110732658408,2.128627004311677,16.279621839523315,296
1.4441561698913574,1.911294958904648,0.08111505427858375,1.1592045038190917,1.7649340534560753,0.8918419347107791,1.4025055786658978,1.1734224633981403,1.7842074567550745,16.275683403015137,297
1.3115293916903044,1.5538609579348037,0.07327572973170551,1.0391024355541187,1.5726382158567216,0.5882612914635391,1.0002398282762557,1.0624266016012605,1.6022511096344276,16.211812496185303,298
1.4142313693699085,1.6419987438815618,0.07270129200616848,1.0418338001323788,1.623362955473806,0.5777565360392335,1.004565868920427,1.0653580291494416,1.6547299441469838,16.233335733413696,299
1.3987992374520553,1.8356637501283461,0.08059409512270513,1.14101068304765,1.7352979060623883,0.7824918746948242,1.1777769843737285,1.1584497850467315,1.7624168504236388,16.350471258163452,300
1.334871725032204,1.8835582562921396,0.08328233846423388,1.1832592606066485,1.8103354486976893,0.8917640874415268,1.3724978340996636,1.1993738497797335,1.834540252310638,16.275280714035034,301
1.3178111063806635,1.3560279300700906,0.07698319846416975,0.9756430471173074,1.5123815523422197,0.532500249809689,0.9096974422534306,0.9975041534852476,1.5421131537850077,16.3180935382843,302
1.341744623686138,1.2887310372611507,0.0753187685483041,0.9233750860948491,1.4137776652204546,0.442118423572485,0.6856346354968306,0.9513562919467229,1.4561133697104751,16.31129741668701,303
1.3126300698832463,2.6468213261771223,0.09409501400885018,1.3729143022092671,2.152971043107738,1.1043980583179813,1.7752608919768353,1.3855718343333483,2.1707758269421893,16.341322422027588,304
1.3247578144073486,2.4926497687325613,0.08826123109450788,1.3294765142453544,2.0824565594127167,0.9196879923844538,1.4263060994508887,1.349384603495824,2.1143332748272927,16.352426767349243,305
1.5528821694223505,1.5461860613834957,0.0664365444315265,1.0097524640355342,1.5604013883491947,0.528749878950945,0.9734562644808311,1.034670819464008,1.5908081129378697,16.352115869522095,306
1.3205381004433883,1.1473221930392565,0.059915509230685976,0.8904486709804773,1.2931869489168486,0.4913974148019883,0.8947274047909802,0.911698963196297,1.3144057297125096,16.398322820663452,307
1.3580393163781417,1.7445144604842777,0.07573970407342226,1.118088530621545,1.7239071856552164,0.7471342612627455,1.1244885580880302,1.1379025664833815,1.7559243504780842,16.31191635131836,308
1.3387646863335056,1.9286417387115213,0.08359237408781814,1.171295101987137,1.8272076358389986,0.7342795177742287,1.057096727310665,1.194086495877365,1.867370719151781,16.24086308479309,309
1.3666086824316728,1.9281856415340302,0.08030272456408473,1.1076956123800605,1.9011661496936765,0.5173539849439652,1.0097358072665255,1.1394785969219123,1.9491592266664535,16.437790393829346,310
1.327314816023174,1.4164562574351207,0.06888636163771343,0.9679957257427623,1.565032080359285,0.43071047681997254,0.7714900596149953,1.0000121068990027,1.612318596365686,16.543534755706787,311
1.311446401807997,1.810413052298829,0.07403482969219119,1.1690225610727314,1.705213919987851,1.0209601770235797,1.5987913702416607,1.17694164197671,1.7109059092621473,16.398358583450317,312
1.313948587367409,1.928022437686012,0.07238295564197358,1.1959982483878968,1.814291003999256,1.0614798952383824,1.734534689154758,1.2027524157175185,1.8182955255601903,16.36084508895874,313
1.421686944208647,1.2280428063015643,0.06415918637948953,0.9067541298778832,1.3079240070304263,0.41495514792094396,0.5448908144094813,0.9319237626994447,1.3469750678950012,16.50767731666565,314
1.3774404525756836,1.2774609293352868,0.06828370322153203,0.9181551409807303,1.4000468415089746,0.33097307869557585,0.4674171320954512,0.9500464492934423,1.4507002058409404,16.289430618286133,315
1.362798207684567,2.044662645765793,0.0802827622484061,1.1672715281666068,1.8153672989607565,0.651708313463263,0.9656649275976397,1.194910199299689,1.8609187222044319,16.275988340377808,316
1.3503064544577348,1.4917960679888131,0.07254464966072997,1.0380858348469135,1.4655936011846102,0.6314436940986049,0.8811339348670574,1.0594312214903323,1.4962729472740024,16.41661787033081,317
1.344520462186713,1.1718884852830351,0.06171568818874112,0.9071878479468513,1.3318259840024407,0.7219485416921866,1.2503726075335246,0.9179846988019987,1.3365735906977463,16.265641689300537,318
1.384994195567237,1.1902179911753448,0.06008174430007899,0.8801451992452014,1.3274344980087538,0.34834016275684737,0.5329218111540142,0.9121478312724346,1.3752461897360313,16.147878170013428,319
1.2870063091579236,1.7952507275062919,0.07235006403717305,1.1271670699005274,1.804256549663306,0.8043144755490379,1.2245166292661949,1.1443137403579573,1.8350464384852396,16.395400285720825,320
1.3582014723827964,1.638372000535173,0.07235972336650637,1.0767348507981502,1.6677477571230488,0.7835244372000102,1.132851791381836,1.0922148963185818,1.695987563992139,16.30367112159729,321
1.4242344530005204,1.025706981075023,0.0626046344487354,0.8316454765124198,1.1680223988115834,0.38288854892599755,0.4138762158808914,0.8595133858102199,1.2148550642331113,16.4028799533844,322
1.5643889778538753,1.0753086573420132,0.05963316480900812,0.8741747900992977,1.2251810325322559,0.4595705074883403,0.5372453852438591,0.898185310965326,1.2650206847447556,16.423874378204346,323
1.305538622956527,2.932916930093931,0.09325879390375999,1.4677111165678187,2.432543357305214,1.1027947960170448,1.775697965148493,1.4886781857798068,2.4702838627225323,16.392497539520264,324
1.269108395827444,2.814568133265463,0.0932273760578962,1.4209274608854068,2.3820574617449455,0.9254259434249476,1.4706444088503612,1.4486380872340827,2.433027600119757,16.55397319793701,325
1.3380441930558946,1.3040126634503828,0.06314738893448524,0.9256075868159701,1.4173141751044323,0.3553871849835929,0.5894884966187558,0.9613523471117323,1.469207199492254,16.397701740264893,326
1.324869193528828,1.0368712823756865,0.05976865110170099,0.8579506743360475,1.1590849270186545,0.46772823731104535,0.6514298468828201,0.8808115417794997,1.1888254722800073,16.2973153591156,327
1.2814545380441766,1.685279112987182,0.07886905013657833,1.1253977392155576,1.5998175533725814,0.7513345196133568,1.0781540700367518,1.1470243611645243,1.6299777490748568,16.341370582580566,328
1.3299165023000616,1.9217039022252866,0.08280878749271944,1.1801846485919072,1.7627538025471878,0.7275966693615091,1.0724534207376941,1.2015609534115537,1.7953575705860647,16.518617630004883,329
1.3964723348617554,2.0059967221450656,0.08297596922561071,1.1288207638923105,1.8859250523887097,0.4059587572707611,0.6405830719033067,1.1654952610058265,1.9491076821939228,16.372265338897705,330
1.4624603233839337,1.7206859985525114,0.07528058062293694,1.0464505149641132,1.7083021550735054,0.6061272107746045,0.9313635256438129,1.0666275540053054,1.7439039590778336,16.352834701538086,331
1.3084219317687185,1.5188039484433462,0.07214107966664052,1.0578657753498548,1.5914166312651543,0.841548220935838,1.247596195765904,1.0718334312625568,1.6136171992719799,16.35862898826599,332
1.3624963509409052,1.5169448111916386,0.07617363066812759,1.054099930187239,1.5030601037962572,0.6223151880900065,0.8710771255493164,1.0759735282632557,1.5350754510788691,16.38947606086731,333
1.4069521991830123,1.2541937753854107,0.0713703768820147,0.934322094120861,1.356814802333372,0.4728207464502634,0.6460408069744185,0.9587165459052666,1.3943855037712747,16.431872606277466,334
1.439056214533354,1.8719925258905594,0.07617516821524367,1.1206358862836123,1.7526885962317442,0.7110506855584438,1.0927936927945006,1.1422644050552326,1.787534996944324,16.366225481033325,335
1.3507307328675922,1.4778396225707773,0.06808644695611467,0.9916233445922304,1.533690029737359,0.4684499548666132,0.6771206387933695,1.0196599566257478,1.5795931269353514,16.337612628936768,336
1.301689442835356,1.2773805973250536,0.06530661264562675,0.9617637802768428,1.3315552242593864,0.579627405618124,0.7491408223691194,0.9833498692053827,1.3644545902934564,16.450263738632202,337
1.3983792003832365,1.191773929624248,0.06401489993140248,0.8952832727399643,1.2909224539539537,0.3516808997177738,0.5417945765335737,0.9237366012707909,1.3301334109180085,16.388956308364868,338
1.4768920948630886,1.706027619146612,0.07959290958932722,1.0577121456720697,1.6443167432509997,0.3460263866680884,0.32471953173399914,1.094776047295269,1.713040097057206,16.21711015701294,339
1.3783082585585744,1.6313170749442256,0.07233438812948897,1.043017744613484,1.5798533356740498,0.5820620063437472,0.8344190183164771,1.0646530936355105,1.6148409052788417,16.30063009262085,340
1.4046120141681873,1.1175833835443496,0.059995963879655174,0.8508446224589451,1.220922879405947,0.2992271166581374,0.40523289625461284,0.8795229845632436,1.2633302624143141,16.426246166229248,341
1.3350400360007035,1.0282242653991363,0.058243954832219814,0.8587634545265462,1.1785899963439614,0.5165224547686188,0.713566489966519,0.8765989601387545,1.2028241738358918,16.426724433898926,342
1.3461408928820962,1.7640439190516783,0.07448570254908822,1.1207059463065068,1.7954037917792671,0.9316988170787852,1.494661385013211,1.1302311961941383,1.8105601027980371,16.43131971359253,343
1.4053177394365008,1.6967704945272326,0.07778494865379242,1.0600037244833875,1.7195900230057606,0.46834074202037995,0.5730063353266035,1.0942250933191102,1.7859076090377117,16.43916153907776,344
1.3321505345796283,1.4357911585923775,0.0671145548172985,1.026690424826609,1.517010204963751,0.7810663490717701,1.1427185878542516,1.040409328191285,1.5379156189719607,16.39521837234497,345
1.5520177138479132,1.020379687253537,0.059765479946216706,0.8322564714249459,1.12869598619731,0.38685465926135526,0.3715299523761331,0.8581497957202971,1.1727136315727391,16.224039316177368,346
1.4287550825821727,1.3632592919639006,0.06628573109207694,0.9578060583933904,1.4337675589598895,0.4097476477532755,0.5145611325726238,0.9834612900699378,1.4767966032613036,16.429685831069946,347
1.4821272398296155,2.3678493010692105,0.08305596449436285,1.218700929299379,2.011670972383939,0.5691408916628904,0.8967328534709463,1.255388814034088,2.074643894212607,16.418934106826782,348
1.4949737097087659,2.0737527826780915,0.08335684980844763,1.167679859692158,1.8409376551521452,0.47379246167838573,0.5573992785066366,1.2037772240858693,1.9077098019310577,16.31576371192932,349
1.3206669594112195,1.9691936307152684,0.0803250413927486,1.172199946688074,1.8289366129104225,0.973125607359643,1.6386081128338583,1.184624318384737,1.8408151774802257,16.306525230407715,350
1.2934026216205798,1.4591523262387929,0.07105214500366172,1.0273256016663164,1.5313014020379292,0.8449995831516542,1.443599486263036,1.0373398299282297,1.5361184134481405,16.576022386550903,351
1.4454015016555786,1.1936122090024184,0.06617835997569654,0.9030601252365402,1.2895446290730888,0.4702740664676511,0.7166436533276126,0.927171261468249,1.3214617773143944,16.408350467681885,352
1.345993958021465,2.0515006950309687,0.08210342657612098,1.2438178456427968,1.906831813502956,0.8842688393671521,1.3839460882810082,1.2661560196257624,1.9393178389554926,16.543328523635864,353
1.3317521747789884,1.8662141172773858,0.08304338823207155,1.1772275555689375,1.7584841766860426,0.705982577567007,1.035882574670455,1.2034667927101992,1.7987191113381205,16.37909770011902,354
1.3327088606984991,1.4169697579469402,0.07622497937593928,0.9942787060540423,1.5835041011367297,0.6432935971480149,1.0611979154440072,1.0133460055886745,1.6118784233759598,16.350741147994995,355
1.3399924667258012,1.2905155169101432,0.0732039731015231,0.9414185661157004,1.4698136515949174,0.5483222950271696,0.8977547863073516,0.9648171331649437,1.5038647631754354,16.29003143310547,356
1.2952531136964496,1.5089568728562497,0.06718667967933213,1.019715521745621,1.616771522025716,0.604532457461023,0.9422918307553431,1.0465015238682283,1.6602863525741762,16.42923855781555,357
1.294764468544408,1.9183611720143279,0.07024730801118487,1.1501390192449943,1.7634972242065905,0.657784520755024,1.0569710353635393,1.1769028946314102,1.8019032577123397,16.2746798992157,358
1.4197129073895907,1.371914348055529,0.06535830397582454,0.9527951771292217,1.4041202167422577,0.34038788204391796,0.5904661156237125,0.9843714677875336,1.4460729746900176,16.51620101928711,359
1.5209051245137264,1.2465744921003914,0.06854532145781952,0.9115433193934418,1.3289499924537491,0.4096892531311182,0.6266664597962307,0.9400297321257044,1.3688132239169761,16.283726692199707,360
1.3147297031001042,2.3261024357472753,0.10144932101471256,1.3234568286106854,2.0040040936386374,0.9835405337457644,1.5461241784703317,1.3419639080059103,2.0289338524661846,16.375802278518677,361
1.3476144389102334,2.2796931619145524,0.10550519975253382,1.2923072551452766,1.997304007787629,0.927253515541959,1.473173848625754,1.3142597700194314,2.0288226197262826,16.194156408309937,362
1.5280953520222713,1.3774758656328898,0.07538078982413206,0.961239154069224,1.4615695059690545,0.31218841196498054,0.38409842637726305,0.9951084133090101,1.5177949082427824,16.513123035430908,363
1.4802639421663786,1.1403128288542488,0.06833063656222371,0.9018807738600745,1.2718091666487175,0.5105369623218264,0.6317064722201654,0.9199403171568122,1.3013483085993833,16.344602584838867,364
1.3125394959198802,1.6784278745271608,0.07224715447315914,1.1010558435967839,1.6593653851495531,0.8289585935285573,1.2410051774005502,1.1175874932258838,1.6847834121000917,16.370850086212158,365
1.413716378964876,2.0502435598908777,0.0812929953766595,1.1799704723799753,1.8158693090378955,0.5067600990209927,0.6769555596744313,1.2119066941604275,1.8698979743286888,16.437294721603394,366
1.300824761390686,1.8560972036348962,0.07921932783429085,1.1123522529105094,1.819899963818008,0.5086124859474324,0.9165532622072432,1.1481662843221658,1.8734867492738638,16.257863998413086,367
1.3761957130934064,1.4001760577431772,0.06617206885996067,0.9684413640950837,1.536909220306343,0.5609224132463044,0.9763140023923388,0.9897184421415378,1.5661786678479794,16.23141074180603,368
1.2912514673338995,1.3987575506440657,0.07101262673861254,1.0072151269680363,1.4706793357546741,0.6669599603977706,0.9273729135664247,1.027158396838378,1.5025239960945735,16.33996844291687,369
1.2963267502031828,1.464864087202912,0.07427439694541962,1.040162875328535,1.4854481779498818,0.7083554059311995,0.9910447165976822,1.05493810529297,1.5074636969334796,16.33156418800354,370
1.3413157400331999,1.3375961877586053,0.07387441829699085,0.9626675212217446,1.4669337383193617,0.4150185738080814,0.7318570914091888,0.9928071863998909,1.5073884387819125,16.35936737060547,371
1.3404338799024884,1.4859684167780653,0.07816470241829038,1.0087067157248817,1.5824362532702962,0.5786926262360766,0.9560288343214451,1.0319933316606653,1.6163581450521363,16.312371015548706,372
1.3437003524679887,1.7657230283098444,0.07622827788309489,1.141016782169177,1.7747424604910282,0.9538729553222656,1.4696928215026857,1.150541618256046,1.7902681679989694,16.29715323448181,373
1.3326868069799322,1.5001574154292943,0.07064032134880899,1.0334060679849404,1.6099537039239884,0.7210540759622754,1.0709840201619845,1.0506197990633461,1.6396563257573933,16.44340419769287,374
1.4255578392430355,1.130073619540629,0.06360008531939908,0.8755589493443964,1.3032766787547099,0.48948372104180554,0.581060875029791,0.8955900262816018,1.3407480052549798,16.311700582504272,375
1.4871216134021157,1.0235153461829714,0.07006046932169206,0.8373798314226948,1.1607859606019824,0.3898151337725561,0.4252715119775736,0.8613645938658577,1.2002017986424893,16.275817155838013,376
1.3638879248970432,1.4979023932194533,0.06936156995987837,1.0606736618777497,1.562631877032326,0.7101795289400366,1.0328257637523979,1.07953718283208,1.5911459112522992,16.36406397819519,377
1.5810063449960006,1.2493725518538636,0.0634028986287717,0.9105041966293798,1.369760151820484,0.33860174496968587,0.45338857555389406,0.9394349247824241,1.4161164713311127,16.411154747009277,378
1.3984644036543996,1.3702556536911534,0.06506915131072405,0.972200834432721,1.5158895615479029,0.7055091289495001,1.0940739461128286,0.9885476847058196,1.541744720725324,16.27085518836975,379
1.5330367715735185,1.3662480895072766,0.06952675146302893,0.9514548073352223,1.436780251994006,0.5189721560237384,0.7460540533065796,0.975005851720426,1.4743940523355314,16.208802938461304,380
1.3518786367617155,2.060534764942306,0.0839858591802771,1.1969737307170023,1.896069807228983,0.8036611120776248,1.3850566836169167,1.2186529936784392,1.924236714300364,16.133589506149292,381
1.3273846601185046,1.9797626122682368,0.083846650190146,1.1712593828923747,1.857125411734725,0.7216918911975571,1.206997507073906,1.1959172721367541,1.8927835920548577,16.39557671546936,382
1.3682283414037604,1.7685175967532534,0.08150857826131777,1.1184012806766286,1.675486700611133,0.7686189504770132,1.1198572929088886,1.1369801309265406,1.7049991970042773,16.429519653320312,383
1.339201663669787,1.5074478959727975,0.07402950030396473,1.0197144456124985,1.508739138540563,0.7258993877401607,1.1013194731552236,1.0360872937043992,1.5314426201011002,16.47858476638794,384
1.3969209131441618,1.3998331975305072,0.07100457840382077,0.9719021629438551,1.4586838018308834,0.511643197055154,0.736244476177323,0.9988645127635322,1.5010049083445332,16.503151416778564,385
1.2671718346445184,1.963344320849144,0.0785719651366174,1.2016331878719515,1.8681267394841379,0.8395163980167308,1.2946855673629247,1.2214782455937094,1.8995530389995605,16.35910153388977,386
1.3353136275943958,2.0653425417428886,0.07962169032261077,1.2220186205299093,1.8760340424974105,1.0059342652096401,1.4870724866039864,1.2343726278002796,1.8982718358274366,16.513665914535522,387
1.3549010314439471,1.3247397467161608,0.06477283261398209,0.9577612444729924,1.431567435328409,0.6038719191861792,0.8628598282620368,0.9763495177260473,1.4614391453574662,16.300944566726685,388
1.429061726519936,1.5723659850824587,0.07221355248082635,1.0385248539150371,1.5372500741408646,0.5394886962601015,0.8296949532532607,1.066940090149812,1.5775384131898271,16.524221658706665,389
1.438403098206771,1.448816578375908,0.07021801106934185,1.003749848627523,1.4532027845286064,0.4330894246513461,0.5020619480698197,1.0348077881827211,1.504968152222098,16.273144006729126,390
1.3916574465601068,1.6839843862337105,0.07430828518003336,1.102539588077169,1.6098920174826064,0.8905504402328868,1.3139916969180572,1.1138568408534462,1.625688940348544,16.32304096221924,391
1.3559794865156476,1.4010112486240216,0.06477947371968706,0.9963572084709312,1.5266734979857204,0.7529315098159434,1.1819939377867146,1.0085109953406444,1.5438826909563932,16.278552532196045,392
1.4686635732650757,1.5098789737575096,0.06932322847798626,1.0154198193239836,1.538392115984822,0.6046287224386087,0.8904048064425323,1.0390111321738325,1.5756053632201774,16.439019441604614,393
1.3195973195527728,1.4946009477728142,0.07940373927245646,1.0469402870166244,1.5493647516990194,0.7458850889980626,1.0274620456855839,1.0616893933211005,1.5749334568543512,16.240363597869873,394
1.465697313609876,1.5848655586930143,0.0810714824552374,1.052295923696701,1.5399901109277763,0.8083993586659611,1.1615185845491574,1.0632492155351427,1.556987115169681,16.29380488395691,395
1.4343805815044202,1.2405926730824657,0.07415732496035479,0.9245811122850717,1.3614462889663437,0.39553655693657824,0.48856720942931414,0.9527836285100342,1.4079781140412713,16.299076080322266,396
1.514630224969652,1.1449187488685453,0.06707130556084977,0.8718602658905668,1.3063098086007727,0.4239720297066164,0.5815579504161686,0.9012237327968683,1.3538244189785713,16.307517051696777,397
1.2710023491006148,1.5690028832488432,0.07465118612216441,1.0856060456956382,1.5869894489378025,0.8767415029960767,1.2789464749787982,1.0980697069535503,1.6053714081270611,16.38339591026306,398
1.406965776493675,1.398256332155258,0.07926574366189124,0.9942749968810504,1.475244384390601,0.7343438624208419,1.1445508375235482,1.0091553560402287,1.4941756650775224,16.453382968902588,399
1.3386061191558838,1.4339637862332009,0.07068848589898204,0.9873020334546323,1.6033030253183151,0.5785306838679828,0.9883277787908402,1.0092601319024246,1.636337847491495,16.322791814804077,400
1.3963557858216136,1.549643448801292,0.07412674674398326,0.9962550402152014,1.597143829310038,0.35080253902368913,0.3546330033535938,1.0291552842659821,1.6604775373132836,16.134543895721436,401
1.2944516947394924,1.7036258602012784,0.06974667964249057,1.0784767131631452,1.676236621065323,0.5408197700297425,0.7452657775733861,1.1073936415596242,1.72630725072693,16.428444862365723,402
1.49298585123486,1.129891232252514,0.05832999732837872,0.8752728571327378,1.2129870677914039,0.35000136088080536,0.36161216637417937,0.9061906013121204,1.2630994115157461,16.281413316726685,403
1.3349298740688122,1.4001795075214154,0.07511056987587325,0.9558835657136249,1.5427641725825691,0.4007090956370036,0.6741855697631836,0.985041898839614,1.5883828171161043,16.250192642211914,404
1.5225584193279869,1.6898052293956942,0.08672311820529578,1.0572885354297539,1.6642628292687323,0.5191730131834617,0.6311182212003897,1.0828498465373098,1.7133387934884587,16.460641860961914,405
1.3002714922553615,1.7562205951911556,0.08155490908077997,1.1194798803354342,1.6932918506795438,0.7128260428445381,1.0576162183815652,1.140126042302319,1.7255656070846448,16.540623903274536,406
1.300181702563637,1.6084642108656195,0.07651512243977583,1.0699857078446464,1.6445481671623419,0.8054496156217906,1.1913481917179807,1.0852154300570351,1.6706395546514703,16.39679718017578,407
1.3950668636121248,1.2966065120827432,0.07165387841634718,0.9568663592946214,1.4025176447521641,0.7647734761405762,1.1309989575092299,0.9661916367883616,1.4156986972632246,16.478690147399902,408
1.406293787454304,2.182469973849021,0.08706648405929818,1.1540168505014115,1.9517866534583506,0.38205945364521066,0.45988715670711205,1.1988257807591298,2.0383852253618184,16.44820785522461,409
1.349287936561986,2.044530603529024,0.08142918159145877,1.157504169346469,1.8948973728890923,0.560355639826564,0.7666072845458984,1.186025766856757,1.9487878629537612,16.362525463104248,410
1.4745119496395713,1.423283058974786,0.06820953403640471,0.9756162145649124,1.4196694544119428,0.4399027221946306,0.5910965444580201,1.0026636320397857,1.461502926357406,16.285147428512573,411
1.3177991540808427,1.598971909879943,0.07120071586078121,1.0619493710097445,1.6174253959670588,0.7103642492346425,1.3835398408233142,1.0794497235330711,1.6290671925601157,16.346779823303223,412
1.3596343931398893,1.3048768639718173,0.07036515713106821,0.9475447400755168,1.3526889007403144,0.4695945036425841,0.8854727483057714,0.9741788356573621,1.3787248451433807,16.341973304748535,413
1.5935254347951788,2.5999257199808072,0.09766893690735452,1.2884837272509875,2.061307926019096,0.8754257301786053,1.2572252038699478,1.3116717594926075,2.1064470384627345,16.37703585624695,414
1.431075892950359,3.00225693600525,0.10811006972636629,1.3700887606004724,2.2793049331122095,0.8529597302746157,1.163079362927061,1.401782413807511,2.347715761166587,16.349140405654907,415
1.4314719250327663,2.0879915004285974,0.08065148415686345,1.128712284698829,1.9401378231397377,0.4269520515005527,0.7491070230068756,1.1673347438024113,2.0056880885851665,16.47978448867798,416
1.3889236575678776,1.175911239889249,0.05969548159646954,0.8963396577515172,1.3219337250513368,0.46075917442943,0.7514439320746269,0.9194646905540252,1.3522211355037361,16.4490966796875,417
1.524735871114229,1.5578585089491916,0.06836007049458744,1.0667250831218325,1.5693874168249164,0.9079457225122266,1.376732056083548,1.0761450178721224,1.5808171170202598,16.334183931350708,418
1.4075490863699662,1.5084260865717511,0.07183555591685085,1.053007484738331,1.482995921473922,0.9305450895912627,1.3888857041523133,1.0598527563096656,1.4882563935450899,16.392476558685303,419
1.48478186757941,1.9156910199462378,0.08045495058911324,1.1175145652412541,1.8027717143598458,0.5453361008363872,0.8730312091548268,1.1506492033869404,1.8566126296171939,16.39839482307434,420
1.620831470740469,2.499599830950114,0.08793376408194588,1.241425207853777,2.0876934435484356,0.4858241909460699,0.7361406777553632,1.281468247673435,2.159318909620876,16.43336057662964,421
1.6436996459960938,2.0058324291087963,0.07458772275374899,1.14021587377969,1.8685236155929197,0.6804571002137427,1.126734832688874,1.1640448345401422,1.9069700039499173,16.41817283630371,422
1.5287120969671952,1.349450130323133,0.06156482417506235,0.9886308508606914,1.4241807453310975,0.763611286284914,1.2530862563159837,1.0002690007442776,1.4330298382302988,16.333051681518555,423
1.4488410573256643,1.2687595153454425,0.06427160616000954,0.9525393340297087,1.3678299569991386,0.52569104830424,0.8021523296833039,0.9733189580890277,1.3953679887566557,16.372445821762085,424
1.51558045964492,1.2207868313902361,0.06952301334744695,0.9258257045816157,1.354071781345265,0.5341505931785657,0.8214471805145137,0.9453972844084227,1.380686437838952,16.602831840515137,425
1.4895625302666111,2.38491461180458,0.09258932162800215,1.2072647233684726,2.034171125311834,0.6536428361592058,1.0565566609996233,1.236396774508804,2.085613999978489,16.33727264404297,426
1.6180111420781988,2.551935151937873,0.09607543385503677,1.2322300964931272,2.103967588652605,0.5094185481584799,0.7761598987801993,1.2706822846926642,2.1746044376083495,16.510618925094604,427
1.4827529129229093,1.6538594524235666,0.07481861077408436,1.0522245814885887,1.703114044058884,0.595800446333413,0.975594139498148,1.0744732685518326,1.738577475286177,16.475961446762085,428
1.5726237736250226,1.2122658781256184,0.06371447486812026,0.9223540668012032,1.26717556952298,0.4636654197172462,0.6642898537477471,0.9471299517183698,1.2997401900783694,16.260526180267334,429
1.4969636829275834,1.540905701570199,0.07024954589992169,1.048389946711821,1.5776259271625732,0.7826168769611523,1.371057705003388,1.0642876781257948,1.5899822246749429,16.474847316741943,430
1.3836926786523116,1.4951924946781965,0.07014646214265553,1.0219080230039002,1.6166265650126461,0.8101700493566374,1.4038044527957314,1.0336271792150002,1.6284057071096838,16.25299620628357,431
1.5938987669191862,1.6894888244364787,0.07629993776014546,1.0088131209872824,1.682966782588918,0.3356382640791528,0.4899249023861355,1.0459746721697059,1.7488268047138558,16.405866622924805,432
1.5385333487862034,1.8579296678715425,0.08090647828402478,1.0780393319083696,1.8084161066169213,0.46040649347835116,0.6555603156487148,1.1077808606682007,1.8639308262024417,16.462242603302002,433
1.7650690141477083,1.5706827807231138,0.06656774950987378,1.0169753897505776,1.5988824822194554,0.7137291784639712,1.1915570592123366,1.0322681931098763,1.6194239920417095,16.350443363189697,434
1.4161881898578845,1.197192612956606,0.058177826908195236,0.9077329265011783,1.327334912936015,0.5897461405971594,0.9840106731070611,0.9248830563766178,1.3458515609654584,16.383774518966675,435
1.3796865124451487,1.5316789565532,0.0637250408168194,1.0336747567318663,1.5437554809240774,0.5662529983946136,0.9154932728372358,1.056256894369378,1.5741081291770898,16.23747730255127,436
1.4037759115821438,1.5155700994055237,0.06872289297884825,1.0067691214722772,1.532560222140145,0.3665693239732222,0.5390153328577677,1.0411702565061762,1.585948308179511,16.36405110359192,437
1.3759406052137677,1.7914274152873848,0.0741413988457681,1.0928906225875432,1.713138088784199,0.8225509195785423,1.3081571935215812,1.107356027855583,1.7348079264424578,16.321983337402344,438
1.4135828331897133,1.7330477132129756,0.07892526216188694,1.0412088633667198,1.6924837392547691,0.68574536667179,1.0607809035884224,1.059174785037685,1.7244114197664084,16.411492347717285,439
1.5306644063246877,1.3109080236662858,0.06431711744712333,0.9283081550518172,1.4214824160689827,0.41436398123192975,0.6116898416534183,0.9553130905704816,1.4640325341877682,16.383413076400757,440
1.5234344695743762,1.2542719567425984,0.05755745222123064,0.9094694459465251,1.4137400417567916,0.37269147117182894,0.6750507372730183,0.9384992659173044,1.453689556511081,16.273033618927002,441
1.4986510339536165,1.4528777703767262,0.06312140830449746,0.9857813291849812,1.4935450383004425,0.43450078510102774,0.641895057663085,1.0139147260338088,1.537007142967326,16.306573390960693,442
1.5297118927303113,1.2729463100769776,0.06802085689045301,0.9430481978785838,1.3231323488817919,0.44657323991135206,0.5927303422812465,0.971426872499661,1.3648823489009898,16.35653829574585,443
1.354968133725618,2.406019396749633,0.09780127088030864,1.3077772809914798,2.0987668254906393,0.9932675820016087,1.6397188700986711,1.3247383152091012,2.1235226249964496,16.432390213012695,444
1.351157451930799,2.8589115740587747,0.10493916107707778,1.3640670751918702,2.326645980039896,0.8825552489353001,1.486574028373195,1.391154599389893,2.37390439167534,16.341267585754395,445
1.518725784201371,1.9578572036316297,0.0826513960620794,1.1034522689370978,1.8285804251825968,0.49662664662236755,0.7116540713586669,1.1374177558180496,1.8910974747412734,16.379926204681396,446
1.4161076357490139,2.2784875202722628,0.08426909974452342,1.3173648111083296,2.0472874102434053,1.1716850346358365,1.9530412431747195,1.3249576393713913,2.0521995189394553,16.495500087738037,447
1.358326096283762,2.930881097183627,0.10101292918312363,1.3919438256970063,2.254709520848056,0.8855073051731082,1.389575481414795,1.4200109298689594,2.3026559453180306,16.47287678718567,448
1.3222723885586387,2.1238310500425825,0.08775486463690681,1.1871225023839724,1.8775267095304666,0.40991516018388285,0.6305017844954534,1.22947541255364,1.9454817366629125,16.39009737968445,449
1.3253026698765003,1.7908209550574135,0.07766052344543839,1.0992446690816844,1.74984003127695,0.6946614947940002,1.285735443074216,1.1220992297434957,1.7760569264855455,16.314351320266724,450
1.4457040460486161,2.658793685197416,0.0961198451504747,1.2492316277386224,2.2322407015454604,0.3086553814970417,0.4597566463329174,1.3009432232939022,2.3296894064941904,16.45276188850403,451
1.6038633898684853,2.9008856620497374,0.1006637971213149,1.3272943433611144,2.327484724903835,0.8876042953570374,1.447502657597167,1.3499715112110342,2.37287010209713,16.437260627746582,452
1.5514747908240871,1.8963162991399642,0.0767323776701552,1.122781541933394,1.8192721695125396,0.9904746259196421,1.6225528181268927,1.1298255867164133,1.8297455655494455,16.441582202911377,453
1.4907531801022982,1.1997856936542426,0.06165754401902939,0.9226644998112847,1.3050427931417823,0.3791854284066693,0.5175203780702499,0.9534166865923214,1.3496039249739529,16.468629837036133,454
1.5070895144813938,1.4506023076047085,0.06690551090552797,0.9844207655891306,1.5285256638781364,0.3199111951451723,0.3762372143414556,1.0173372422159321,1.585604225340711,16.371135711669922,455
1.3930860506860834,1.628624149994554,0.07270148800655311,1.064330961858365,1.6851519450488652,0.72401182192592,1.1115165932077757,1.0837543074596605,1.7178915704561584,16.386358737945557,456
1.4105400913640072,2.051784369215462,0.08182512189501163,1.136768462828282,1.9427361686910052,0.5858314919384408,0.9076588791368645,1.1672273051067614,1.9999609414552957,16.374472856521606,457
1.4345438417635465,2.365322832759315,0.09063953746801226,1.2428529874676029,2.0953434489754,0.5836012630121287,0.8379863652606938,1.2825332463875143,2.1710235651178422,16.527292490005493,458
1.5355656335228367,1.623779010940245,0.07475077852289727,1.0357669113251513,1.6521488675935274,0.5293333617349466,0.754849137738347,1.0624048752814448,1.6993460685584196,16.322776079177856,459
1.563083529472351,1.226182452377204,0.06346417748403743,0.9270956917402857,1.351757419869272,0.5600467011806546,0.769242555768658,0.9450751203831619,1.3802911960012545,16.50230097770691,460
1.498066927257337,1.5253189302055277,0.06999994523032417,0.9997405924674011,1.6154060150657952,0.3086921297709147,0.4918593692779541,1.0360199107053014,1.6743910660116876,16.316954374313354,461
1.4329161581240202,1.5006683072536682,0.07206347202048691,0.9960567291299347,1.5876116800864848,0.37753129971572774,0.6797305696150836,1.0283441268311797,1.6350036183789662,16.54253888130188,462
1.4112761271627325,2.346424766945954,0.09418892091023173,1.2412272882384763,1.9644886197444897,0.6183306017059292,0.8171760679479453,1.279695060311517,2.0353423608929395,16.35018277168274,463
1.40610114524239,2.068114590015579,0.08106109057314896,1.1446507229871803,1.820874828886776,0.6122910620610916,0.8512808049573061,1.1707446562777721,1.8684000292207688,16.35950779914856,464
1.3313224566610236,1.1994745995546074,0.06093608231852796,0.9111276268920623,1.358902169343605,0.4419888719435661,0.6899179470154547,0.9347608567446488,1.3926027721441447,16.44290280342102,465
1.377402857730263,1.2496228542741419,0.0661955120386061,0.9233684924311764,1.3950951519280888,0.3279704714930335,0.42970547657604363,0.9540910196940104,1.444909246826172,16.396681308746338,466
1.2825479838583205,1.654909530691188,0.07221212954906148,1.095741696922706,1.7353917574186153,0.9410765273691251,1.5395078412721077,1.1045435158191368,1.7465393053589124,16.425920963287354,467
1.3353502499429803,1.5315115624246625,0.07063571460298387,1.0335888334425727,1.5964843985429724,0.709274269039737,1.1147084821432507,1.0518926461408138,1.6236751217519547,16.511713981628418,468
1.3056480759068538,1.6918092657425752,0.07901706970390737,1.0527422980394954,1.7117402676775637,0.599780778860245,1.018496036529541,1.0763655251854554,1.74789491633779,16.464406967163086,469
1.3123256595511186,1.6313006594590977,0.0826497451216421,1.0449283174002477,1.6658744190823034,0.6068663819163453,1.0708053743138033,1.0696231843358701,1.6994202861884715,16.4056453704834,470
1.5734313851908635,1.3878737713807572,0.0733031727378883,0.9771948530189397,1.3746219030825457,0.40471436374976544,0.5416177447580358,1.01009199042343,1.4224898387074227,16.398932456970215,471
1.4060994574898167,1.9126765569658348,0.07320685011685482,1.1743099782239932,1.8183795626548322,0.7032143214276729,1.0597364010701653,1.1991294166886604,1.8583483071771159,16.42211389541626,472
1.528322226122806,1.4534187865413093,0.0638327018887389,0.9616326425589767,1.4955156812480852,0.2760142763455709,0.334013299147288,0.9954903266393926,1.5528738202381527,16.43297290802002,473
1.319233499075237,1.3915195139517915,0.06976813987449364,0.9850039392738527,1.5070424545214371,0.6705864165388966,1.0896786752841816,1.0014344420038104,1.528852651254003,16.374694108963013,474
1.358353382662723,1.6754298686556375,0.08093371663792102,1.0667858339833807,1.5714548059254487,0.6868357828881639,1.0028403308564817,1.0889732580261375,1.6046594144551771,16.369778394699097,475
1.3450719431826943,1.9684810191634627,0.08503771561557086,1.1844079085276953,1.7848771243608714,0.6096705044017119,0.9232753996755563,1.214428018322249,1.8298808859294187,16.434318780899048,476
1.3392174118443538,1.5547955855430053,0.07041002629607797,1.0473219040782697,1.5893878826346006,0.5766278457201613,0.9223878160892474,1.0751229676070513,1.6287835684627594,16.41255235671997,477
1.372864384400217,1.4501293983207824,0.06552370269029327,0.9878013215110028,1.5401146399868428,0.572288937451156,0.8189164618109914,1.009607870870399,1.5779639180397438,16.321025848388672,478
1.4014259953247874,1.5378371578099839,0.06955751919708006,1.0165701230059883,1.6048770687084843,0.5792471807974356,0.7704524103800455,1.0364484320746528,1.6428054902047822,16.39741015434265,479
1.3145090780760114,1.4819427537329404,0.07244737231682358,1.0202805554425274,1.5850792166627483,0.6752474266186095,1.0123106644565898,1.0389423657355632,1.6160585605889717,16.357616186141968,480
1.3526406413630436,1.318971521829695,0.07540161477527371,0.9845838363224179,1.4210314797627739,0.7291461904212911,1.0455091624032884,0.9976486372258939,1.4402382387842976,16.506380081176758,481
1.5345041312669452,1.2599021050988175,0.06851081101874995,0.9102318887788106,1.416203318572626,0.45187942559520405,0.5745183555409312,0.9337371353410248,1.4593666516817534,16.443747997283936,482
1.4868433475494385,1.3604388636452351,0.06442099574879107,0.9331994472862829,1.4790776189440578,0.2752745338160582,0.31274263244686706,0.9688432331947615,1.5422650546037318,16.46027183532715,483
1.305340653971622,1.4975995901836563,0.06481447768108799,1.0103597530344601,1.5713440347193366,0.5719899797635805,0.8880933979411184,1.03222874277452,1.6054293985509744,16.523247241973877,484
1.4081269251672845,1.2217367873982183,0.0639121009516923,0.9104527782643375,1.3546492112536814,0.3767365727235836,0.5462313575306158,0.9383016324720111,1.3968317336151477,16.40599250793457,485
1.4064892216732627,1.217736001969128,0.06563902081090059,0.8883902869371525,1.3261027252399684,0.3366246816697815,0.5379594782708397,0.9207532321489269,1.372330071166841,16.36883807182312,486
1.3706033104344417,1.7800600181432813,0.08089143757794544,1.0701248654207156,1.6893361649140686,0.37622212519687886,0.5195802218091171,1.1023397495308433,1.7436428023050727,16.44276237487793,487
1.298776344249123,1.9817153948129291,0.07669620133076978,1.1705862833891725,1.808445767108287,0.6232751089197989,0.9568427864831822,1.1993805544443399,1.8532489577450426,16.559123039245605,488
1.4093685526596873,1.4293949154283008,0.066317658884042,0.9744763064123668,1.4547190529854965,0.337599579369991,0.4666942579801692,1.0076509677623304,1.5061849266404987,16.596163034439087,489
1.3091453502052708,1.3558809837399888,0.06446018779533452,0.9627304501340349,1.5113010603440384,0.5805967740877561,1.0250954812097735,0.983449016909366,1.5376622242135984,16.526384592056274,490
1.4644412868901302,1.134256188549444,0.06757548189060822,0.8756170352873988,1.2765943745768165,0.395006069396895,0.4907735763615324,0.9015211837654503,1.3189488332277952,16.41721773147583,491
1.3298168897628784,1.8777717490362336,0.07844053849354077,1.1664356108556049,1.8179486546283257,0.9544375235574287,1.4591677584628828,1.176975776479888,1.8357866013875521,16.602786779403687,492
1.2918381189045154,1.967405778772279,0.07767464600449253,1.1721315828221754,1.842401323417842,0.8909487337054628,1.3929556655883788,1.1882008430732522,1.8680866460253176,16.407612562179565,493
1.4405403325432224,1.3957723748138775,0.06996323184427558,0.9555978394361391,1.5107019168814433,0.3590361879032172,0.5645013439311902,0.9857924708407645,1.5585933558967207,16.530746698379517,494
1.3150700769926373,1.1765608756284136,0.05953878701344818,0.8883159073012351,1.3682180970995996,0.3596976447325293,0.6545849468397058,0.9162833653748759,1.405974090971841,16.468851804733276,495
1.4075134926372104,1.3661113512750136,0.0622981343328941,0.9848901887013469,1.4355718714451653,0.5824497844396013,0.7980562435107285,1.0073978385184834,1.4712268140558724,16.368849754333496,496
1.3325355554881848,1.6224917405593176,0.06632831032186282,1.0621816382801192,1.6219856438374223,0.6555361702328637,0.9596684438841684,1.085967033688516,1.6607257244555567,16.414081811904907,497
1.3429374067406905,1.36646275654972,0.06438000885475305,0.9439632327863823,1.503509646288492,0.30637442828618994,0.5446646673637524,0.9814298083118557,1.5598541385611309,16.511575937271118,498
1.3359167638577913,1.2387992192240596,0.06846590702587732,0.9035331572992517,1.3588193963800819,0.31293311224218784,0.4261416507602202,0.9345538343799497,1.407807394402319,16.334349393844604,499
